Train signal size,Train background size,ACC,AUC,ACC-true,AUC-true,time,Sample Type,Model Name,TPR/FPR^0.5: FPR=0.1,TPR/FPR^0.5: FPR=0.01,TPR/FPR^0.5: FPR=0.001
17184,26434,0.6131627559661865,0.5297685060565276,0.5,0.276749655,2023-12-21 17:15:47.157498,Sensitivity: 1.0,SB_1.0,,,
18284,26770,0.606072723865509,0.5370177375293137,0.7200000286102295,0.8790526349999999,2023-12-21 17:16:22.663895,Sensitivity: 10.0,SB_10.0,,,
17184,26434,0.609242856502533,0.5273533423059668,0.5069500207901001,0.571721575,2023-12-21 17:17:20.114718,Sensitivity: 1.0,SB_1.0,,,
18284,26770,0.6022772789001465,0.5339836668072497,0.7626500129699707,0.894303855,2023-12-21 17:18:07.151577,Sensitivity: 10.0,SB_10.0,,,
17184,26434,0.6141943335533142,0.5327411395244505,0.5005499720573425,0.722215505,2023-12-21 17:18:50.928963,Sensitivity: 1.0,SB_1.0,,,
18284,26770,0.60347580909729,0.5283610092700156,0.7334499955177307,0.8734293549999999,2023-12-21 17:19:44.359023,Sensitivity: 10.0,SB_10.0,,,
17184,26434,0.6135753989219666,0.5236329295648273,0.5019000172615051,0.733639235,2023-12-21 17:20:24.480074,Sensitivity: 1.0,SB_1.0,,,
18284,26770,0.6054734587669373,0.5390792624419721,0.7980999946594238,0.917795785,2023-12-21 17:21:29.725588,Sensitivity: 10.0,SB_10.0,,,
17184,26434,0.6133691072463989,0.5299322566173172,0.5005000233650208,0.65276337,2023-12-21 17:21:59.285288,Sensitivity: 1.0,SB_1.0,,,
18284,26770,0.5978825688362122,0.5264441338450091,0.5,0.7572759,2023-12-21 17:22:58.296201,Sensitivity: 10.0,SB_10.0,,,
17184,26434,0.6125438213348389,0.5261689546882009,0.5036500096321106,0.63665043,2023-12-21 17:23:35.253329,Sensitivity: 1.0,SB_1.0,,,
18284,26770,0.6044746041297913,0.5357964742703998,0.6932500004768372,0.8822652449999999,2023-12-21 17:24:31.918546,Sensitivity: 10.0,SB_10.0,,,
17184,26434,0.6123375296592712,0.5251353970390309,0.5006499886512756,0.59460244,2023-12-21 17:25:05.337357,Sensitivity: 1.0,SB_1.0,,,
18284,26770,0.6048741340637207,0.5372979907248392,0.8726500272750854,0.949978485,2023-12-21 17:26:26.323135,Sensitivity: 10.0,SB_10.0,,,
17184,26434,0.6125438213348389,0.5277690444145356,0.5039499998092651,0.65200939,2023-12-21 17:26:40.352812,Sensitivity: 1.0,SB_1.0,,,
18284,26770,0.6072712540626526,0.53499787299692,0.7694500088691711,0.90756582,2023-12-21 17:28:10.155940,Sensitivity: 10.0,SB_10.0,,,
17184,26434,0.6096554398536682,0.5245462539255271,0.5037000179290771,0.58128329,2023-12-21 17:28:21.313179,Sensitivity: 1.0,SB_1.0,,,
17184,26434,0.6141943335533142,0.5224591296545535,0.5019500255584717,0.5991556650000001,2023-12-21 17:29:50.634229,Sensitivity: 1.0,SB_1.0,,,
18284,26770,0.6086695790290833,0.5337122934138923,0.8267499804496765,0.916264385,2023-12-21 17:30:04.757536,Sensitivity: 10.0,SB_10.0,,,
17691,26565,0.6087840795516968,0.5223728710462288,0.5021499991416931,0.45231827,2023-12-21 17:31:28.123469,Sensitivity: 5.0,SB_5.0,,,
18284,26770,0.6056731939315796,0.5356423640589426,0.8255000114440918,0.9166547,2023-12-21 17:32:02.157507,Sensitivity: 10.0,SB_10.0,,,
17691,26565,0.6093940734863281,0.5275340632603407,0.5047000050544739,0.70493535,2023-12-21 17:33:19.051101,Sensitivity: 5.0,SB_5.0,,,
17691,26565,0.6100040674209595,0.5264094542926661,0.5012999773025513,0.31060776,2023-12-21 17:34:54.646007,Sensitivity: 5.0,SB_5.0,,,
17691,26565,0.6083773970603943,0.5256367744177963,0.5027499794960022,0.388671175,2023-12-21 17:36:24.195530,Sensitivity: 5.0,SB_5.0,,,
17691,26565,0.6108174324035645,0.5252277546054919,0.5011000037193298,0.31052255,2023-12-21 17:38:02.096843,Sensitivity: 5.0,SB_5.0,,,
17691,26565,0.6083773970603943,0.5299600278067431,0.5001500248908997,0.6587532549999999,2023-12-21 17:39:38.011912,Sensitivity: 5.0,SB_5.0,,,
17691,26565,0.6100040674209595,0.5246449426485924,0.5013999938964844,0.41217724,2023-12-21 17:41:19.564669,Sensitivity: 5.0,SB_5.0,,,
17691,26565,0.6041073799133301,0.5271460722975322,0.5087500214576721,0.63935716,2023-12-21 17:42:59.012275,Sensitivity: 5.0,SB_5.0,,,
17691,26565,0.6089873909950256,0.5146412930135558,0.5024999976158142,0.4592597899999999,2023-12-21 17:44:28.751073,Sensitivity: 5.0,SB_5.0,,,
17691,26565,0.6102073788642883,0.51549244004171,0.5003499984741211,0.38097561,2023-12-21 17:46:11.833962,Sensitivity: 5.0,SB_5.0,,,
17743,26672,0.5938006639480591,0.5140922112119554,0.5113499760627747,0.759889835,2023-12-21 17:46:43.526222,Sensitivity: 6.0,SB_6.0,,,
17743,26672,0.5935980677604675,0.5165787116081616,0.5839999914169312,0.8418729750000001,2023-12-21 17:48:23.464432,Sensitivity: 6.0,SB_6.0,,,
17743,26672,0.5950161814689636,0.5247966720038777,0.5022000074386597,0.3846146649999999,2023-12-21 17:49:49.632278,Sensitivity: 6.0,SB_6.0,,,
17743,26672,0.5946110486984253,0.5143509876563381,0.500249981880188,0.784645345,2023-12-21 17:51:24.154865,Sensitivity: 6.0,SB_6.0,,,
17743,26672,0.5946110486984253,0.510870312580841,0.5001999735832214,0.41435507,2023-12-21 17:52:56.557216,Sensitivity: 6.0,SB_6.0,,,
17743,26672,0.5913695096969604,0.5098754571348436,0.6375499963760376,0.8281329399999999,2023-12-21 17:54:35.275521,Sensitivity: 6.0,SB_6.0,,,
17743,26672,0.5935980677604675,0.5120705042847457,0.5009499788284302,0.3617178,2023-12-21 17:56:01.190537,Sensitivity: 6.0,SB_6.0,,,
17743,26672,0.5992706418037415,0.5187864380379759,0.5786499977111816,0.823793045,2023-12-21 17:57:42.399024,Sensitivity: 6.0,SB_6.0,,,
17743,26672,0.5929902791976929,0.5192745477666767,0.666450023651123,0.8525592150000001,2023-12-21 17:59:21.279307,Sensitivity: 6.0,SB_6.0,,,
17743,26672,0.5940032601356506,0.5183624054755428,0.5006499886512756,0.312588475,2023-12-21 18:00:49.146510,Sensitivity: 6.0,SB_6.0,,,
17879,26696,0.5964062213897705,0.5240952909449579,0.5387499928474426,0.73401286,2023-12-21 18:02:19.923791,Sensitivity: 7.0,SB_7.0,,,
17879,26696,0.5960023999214172,0.5281386932939023,0.5004000067710876,0.79945854,2023-12-21 18:03:47.888192,Sensitivity: 7.0,SB_7.0,,,
17879,26696,0.5951948165893555,0.5259585094252157,0.5001500248908997,0.452794315,2023-12-21 18:05:12.192870,Sensitivity: 7.0,SB_7.0,,,
17879,26696,0.5964062213897705,0.5229111752504763,0.5011500120162964,0.6505216949999999,2023-12-21 18:06:35.245162,Sensitivity: 7.0,SB_7.0,,,
17879,26696,0.5968100428581238,0.5263655650561521,0.5040500164031982,0.7498664899999999,2023-12-21 18:07:59.892694,Sensitivity: 7.0,SB_7.0,,,
17879,26696,0.5966081023216248,0.526632536704372,0.5073999762535095,0.76350864,2023-12-21 18:09:27.713633,Sensitivity: 7.0,SB_7.0,,,
17879,26696,0.595800518989563,0.5305998064540142,0.5281500220298767,0.668982275,2023-12-21 18:10:52.899987,Sensitivity: 7.0,SB_7.0,,,
17879,26696,0.5968100428581238,0.5323583003143431,0.5026000142097473,0.7333362150000001,2023-12-21 18:12:15.890962,Sensitivity: 7.0,SB_7.0,,,
17879,26696,0.5986270904541016,0.5367031031647476,0.6341999769210815,0.8274650149999999,2023-12-21 18:14:01.167655,Sensitivity: 7.0,SB_7.0,,,
17879,26696,0.595800518989563,0.5169882282083124,0.5030500292778015,0.41076923,2023-12-21 18:15:26.403459,Sensitivity: 7.0,SB_7.0,,,
18015,26719,0.59907466173172,0.5286660319112526,0.69964998960495,0.90819467,2023-12-21 18:17:02.815968,Sensitivity: 8.0,SB_8.0,,,
18015,26719,0.5984711050987244,0.5378907460864033,0.5095999836921692,0.808386425,2023-12-21 18:18:39.769571,Sensitivity: 8.0,SB_8.0,,,
18015,26719,0.5992758274078369,0.5315285670194804,0.647849977016449,0.83589407,2023-12-21 18:20:22.290716,Sensitivity: 8.0,SB_8.0,,,
18015,26719,0.6067189574241638,0.5323315090839282,0.7628999948501587,0.9066068,2023-12-21 18:22:11.968117,Sensitivity: 8.0,SB_8.0,,,
18015,26719,0.602494478225708,0.5390753651020349,0.632099986076355,0.86278097,2023-12-21 18:23:52.022809,Sensitivity: 8.0,SB_8.0,,,
17018,26442,0.6055083870887756,0.5233849565467212,0.5001999735832214,0.739002925,2023-12-21 18:25:35.708234,Sensitivity: 0.0,SB_0.0,,,
18015,26719,0.5994769930839539,0.5334247643369663,0.6183500289916992,0.87423198,2023-12-21 18:25:41.725619,Sensitivity: 8.0,SB_8.0,,,
17018,26442,0.6059225797653198,0.5355274545715722,0.5000500082969666,0.68829706,2023-12-21 18:27:11.546300,Sensitivity: 0.0,SB_0.0,,,
18015,26719,0.6002816557884216,0.5330498114897454,0.5335999727249146,0.8595867800000001,2023-12-21 18:27:13.667227,Sensitivity: 8.0,SB_8.0,,,
17018,26442,0.6067509055137634,0.522090874811463,0.5041000247001648,0.76827403,2023-12-21 18:28:37.616838,Sensitivity: 0.0,SB_0.0,,,
18015,26719,0.5982699394226074,0.5426299786106253,0.5412999987602234,0.8147785649999999,2023-12-21 18:29:00.911030,Sensitivity: 8.0,SB_8.0,,,
17018,26442,0.6067509055137634,0.5309431336637219,0.5023999810218811,0.74788537,2023-12-21 18:30:16.855151,Sensitivity: 0.0,SB_0.0,,,
18015,26719,0.5980687737464905,0.5345938338621841,0.5141500234603882,0.795572565,2023-12-21 18:30:37.129060,Sensitivity: 8.0,SB_8.0,,,
17018,26442,0.6059225797653198,0.5379413560295913,0.5008500218391418,0.7341823449999999,2023-12-21 18:31:54.099856,Sensitivity: 0.0,SB_0.0,,,
18015,26719,0.5980687737464905,0.5240875895230391,0.5688499808311462,0.8515528800000001,2023-12-21 18:32:16.344024,Sensitivity: 8.0,SB_8.0,,,
17018,26442,0.6063367128372192,0.5376203943115707,0.5016999840736389,0.74854406,2023-12-21 18:33:35.916803,Sensitivity: 0.0,SB_0.0,,,
18171,26723,0.605532169342041,0.5294438578850345,0.6246500015258789,0.8523558099999999,2023-12-21 18:34:02.831879,Sensitivity: 9.0,SB_9.0,,,
17018,26442,0.6053013205528259,0.5280367916397328,0.5034999847412109,0.735680325,2023-12-21 18:35:13.255182,Sensitivity: 0.0,SB_0.0,,,
18171,26723,0.6033273339271545,0.5338934137757667,0.5442500114440918,0.8110773000000001,2023-12-21 18:35:31.510590,Sensitivity: 9.0,SB_9.0,,,
17018,26442,0.6055083870887756,0.5304377648495295,0.50204998254776,0.758466325,2023-12-21 18:36:42.070498,Sensitivity: 0.0,SB_0.0,,,
18171,26723,0.6029264330863953,0.5310051952404893,0.541100025177002,0.838666685,2023-12-21 18:37:05.343594,Sensitivity: 9.0,SB_9.0,,,
17018,26442,0.6061296463012695,0.5335547295841413,0.5004500150680542,0.7194936,2023-12-21 18:38:16.250573,Sensitivity: 0.0,SB_0.0,,,
18171,26723,0.6009220480918884,0.5305732361320596,0.5001500248908997,0.7026544,2023-12-21 18:38:31.954841,Sensitivity: 9.0,SB_9.0,,,
17018,26442,0.6061296463012695,0.5316694498312146,0.5016000270843506,0.70690562,2023-12-21 18:40:05.392001,Sensitivity: 0.0,SB_0.0,,,
18171,26723,0.6035277843475342,0.5266687615217027,0.7993999719619751,0.905790455,2023-12-21 18:40:14.529663,Sensitivity: 9.0,SB_9.0,,,
17260,26518,0.5983555912971497,0.5187785989544984,0.5062000155448914,0.62471011,2023-12-21 18:41:36.102463,Sensitivity: 2.0,SB_2.0,,,
18171,26723,0.5997194051742554,0.5205933467404056,0.6319000124931335,0.87238978,2023-12-21 18:41:54.486525,Sensitivity: 9.0,SB_9.0,,,
17260,26518,0.6010277271270752,0.5203960620191779,0.5016000270843506,0.6606833649999999,2023-12-21 18:43:03.634771,Sensitivity: 2.0,SB_2.0,,,
18171,26723,0.6063339114189148,0.5324606167253226,0.6939499974250793,0.885950725,2023-12-21 18:43:39.113608,Sensitivity: 9.0,SB_9.0,,,
17260,26518,0.6002055406570435,0.5162808628914637,0.5017499923706055,0.59107932,2023-12-21 18:44:32.033782,Sensitivity: 2.0,SB_2.0,,,
18171,26723,0.6071357131004333,0.5320354449472097,0.636900007724762,0.858930765,2023-12-21 18:45:16.768759,Sensitivity: 9.0,SB_9.0,,,
17260,26518,0.5969167351722717,0.5166514855940261,0.50204998254776,0.4229665699999999,2023-12-21 18:46:19.802448,Sensitivity: 2.0,SB_2.0,,,
18171,26723,0.6071357131004333,0.5306524216524215,0.6251999735832214,0.8403543899999999,2023-12-21 18:46:55.925081,Sensitivity: 9.0,SB_9.0,,,
17260,26518,0.5969167351722717,0.5177495126540675,0.5080500245094299,0.541865005,2023-12-21 18:47:57.663599,Sensitivity: 2.0,SB_2.0,,,
18171,26723,0.5977149605751038,0.523681163063516,0.573199987411499,0.80629569,2023-12-21 18:48:30.148047,Sensitivity: 9.0,SB_9.0,,,
17260,26518,0.6020554900169373,0.5180940401330433,0.5002999901771545,0.5474673000000001,2023-12-21 18:49:35.275542,Sensitivity: 2.0,SB_2.0,,,
17260,26518,0.6014388203620911,0.5138227104615045,0.500249981880188,0.684080735,2023-12-21 18:51:01.974977,Sensitivity: 2.0,SB_2.0,,,
17260,26518,0.6008222103118896,0.5206259820972661,0.5013499855995178,0.6203987200000001,2023-12-21 18:52:32.300485,Sensitivity: 2.0,SB_2.0,,,
17260,26518,0.6002055406570435,0.5195073257050646,0.503600001335144,0.61122837,2023-12-21 18:54:02.797056,Sensitivity: 2.0,SB_2.0,,,
17260,26518,0.5991777777671814,0.516803648958589,0.5045999884605408,0.5288978200000001,2023-12-21 18:55:50.614767,Sensitivity: 2.0,SB_2.0,,,
17403,26534,0.6044653654098511,0.5132190178227816,0.5000500082969666,0.60753086,2023-12-21 18:57:23.852063,Sensitivity: 3.0,SB_3.0,,,
17403,26534,0.6044653654098511,0.5136067595339799,0.5,0.45285009,2023-12-21 18:58:48.451399,Sensitivity: 3.0,SB_3.0,,,
17403,26534,0.6050798892974854,0.523834840106339,0.5031499862670898,0.457445725,2023-12-21 19:00:40.852855,Sensitivity: 3.0,SB_3.0,,,
17403,26534,0.6056944131851196,0.5224760331048415,0.5008000135421753,0.489618285,2023-12-21 19:02:14.515690,Sensitivity: 3.0,SB_3.0,,,
17403,26534,0.6050798892974854,0.5258926175697974,0.5003499984741211,0.4000143899999999,2023-12-21 19:03:58.622130,Sensitivity: 3.0,SB_3.0,,,
17403,26534,0.6052846908569336,0.5118516996318779,0.5009999871253967,0.57749877,2023-12-21 19:05:33.880971,Sensitivity: 3.0,SB_3.0,,,
17403,26534,0.6044653654098511,0.5251325771302411,0.501800000667572,0.5184552849999999,2023-12-21 19:07:19.309915,Sensitivity: 3.0,SB_3.0,,,
17403,26534,0.6040557026863098,0.5211785593136016,0.5014500021934509,0.50379363,2023-12-21 19:08:58.764029,Sensitivity: 3.0,SB_3.0,,,
17403,26534,0.6052846908569336,0.5194082319171007,0.5010499954223633,0.5377744250000001,2023-12-21 19:10:29.065474,Sensitivity: 3.0,SB_3.0,,,
17403,26534,0.6050798892974854,0.5288114290708186,0.5007500052452087,0.48972971,2023-12-21 19:12:07.666506,Sensitivity: 3.0,SB_3.0,,,
17574,26523,0.6126530766487122,0.5047831652800486,0.5001999735832214,0.6091061,2023-12-21 19:13:33.839688,Sensitivity: 4.0,SB_4.0,,,
17574,26523,0.6124489903450012,0.5161780098831197,0.5001000165939331,0.46083021,2023-12-21 19:15:04.279105,Sensitivity: 4.0,SB_4.0,,,
17574,26523,0.6136734485626221,0.5228111009941387,0.5026999711990356,0.49046541,2023-12-21 19:16:37.509431,Sensitivity: 4.0,SB_4.0,,,
17574,26523,0.613061249256134,0.5191309938088342,0.5023499727249146,0.4405845949999999,2023-12-21 19:18:08.303005,Sensitivity: 4.0,SB_4.0,,,
17574,26523,0.6128571629524231,0.5137303968060634,0.5,0.38378338,2023-12-21 19:19:33.395942,Sensitivity: 4.0,SB_4.0,,,
17574,26523,0.6126530766487122,0.5109957429153308,0.5000500082969666,0.671325125,2023-12-21 19:21:01.821020,Sensitivity: 4.0,SB_4.0,,,
17574,26523,0.613061249256134,0.5182302069080746,0.5007500052452087,0.4431558399999999,2023-12-21 19:22:32.517801,Sensitivity: 4.0,SB_4.0,,,
17574,26523,0.6126530766487122,0.5181788712688205,0.5,0.47306944,2023-12-21 19:23:58.870773,Sensitivity: 4.0,SB_4.0,,,
17574,26523,0.6126530766487122,0.4975278160186852,0.5,0.32688812,2023-12-21 19:25:15.514788,Sensitivity: 4.0,SB_4.0,,,
17574,26523,0.613265335559845,0.5058681462095168,0.5003499984741211,0.595318685,2023-12-21 19:26:44.212098,Sensitivity: 4.0,SB_4.0,,,
34065,52855,0.6072685718536377,0.5339589186370765,0.5113000273704529,0.6341302549999999,2023-12-28 16:24:49.515526,"Sensitivity: 0.0, Augmentation: 1",SB_0.0_aug_1,,,
35573,53258,0.6152365803718567,0.574777614182628,0.7625499963760376,0.8500222999999999,2023-12-28 16:25:31.120333,"Sensitivity: 6.0, Augmentation: 1",SB_6.0_aug_1,,,
34320,52917,0.613638699054718,0.5672987791887253,0.5156999826431274,0.445692255,2023-12-28 16:27:49.726658,"Sensitivity: 1.0, Augmentation: 1",SB_1.0_aug_1,,,
35750,53400,0.6058954000473022,0.5871624141769646,0.7440500259399414,0.79448197,2023-12-28 16:28:39.880553,"Sensitivity: 7.0, Augmentation: 1",SB_7.0_aug_1,,,
34500,53057,0.5963613986968994,0.556328942336088,0.553849995136261,0.59388683,2023-12-28 16:30:31.578380,"Sensitivity: 2.0, Augmentation: 1",SB_2.0_aug_1,,,
36093,53376,0.6090936660766602,0.563761757658191,0.833899974822998,0.91550486,2023-12-28 16:31:24.198248,"Sensitivity: 8.0, Augmentation: 1",SB_8.0_aug_1,,,
34792,53082,0.6033387780189514,0.5735821243185489,0.6577500104904175,0.688295385,2023-12-28 16:33:37.883094,"Sensitivity: 3.0, Augmentation: 1",SB_3.0_aug_1,,,
36307,53482,0.6106044054031372,0.572113886074149,0.8425999879837036,0.911247265,2023-12-28 16:34:16.906109,"Sensitivity: 9.0, Augmentation: 1",SB_9.0_aug_1,,,
35138,53056,0.6128571629524231,0.5563831698224762,0.5252500176429749,0.6495558,2023-12-28 16:36:28.855370,"Sensitivity: 4.0, Augmentation: 1",SB_4.0_aug_1,,,
36661,53447,0.6233519911766052,0.5883379222473218,0.7942000031471252,0.84432072,2023-12-28 16:37:47.422873,"Sensitivity: 10.0, Augmentation: 1",SB_10.0_aug_1,,,
35361,53152,0.6143365502357483,0.581020825387496,0.7244499921798706,0.7919422,2023-12-28 16:39:32.241454,"Sensitivity: 5.0, Augmentation: 1",SB_5.0_aug_1,,,
35573,53258,0.6203019022941589,0.5851510183262287,0.7313500046730042,0.7680804400000001,2023-12-28 16:41:19.618220,"Sensitivity: 6.0, Augmentation: 1",SB_6.0_aug_1,,,
34065,52855,0.6127562522888184,0.5651623476188519,0.5029500126838684,0.42675585,2023-12-28 16:42:33.183464,"Sensitivity: 0.0, Augmentation: 1",SB_0.0_aug_1,,,
35750,53400,0.6082172393798828,0.5869642781058606,0.7765499949455261,0.8296282349999999,2023-12-28 16:44:29.548492,"Sensitivity: 7.0, Augmentation: 1",SB_7.0_aug_1,,,
34320,52917,0.607861340045929,0.5651702538856886,0.5328500270843506,0.5243659100000001,2023-12-28 16:45:18.972397,"Sensitivity: 1.0, Augmentation: 1",SB_1.0_aug_1,,,
36093,53376,0.6090936660766602,0.5595388035995199,0.8252000212669373,0.90732961,2023-12-28 16:47:07.625871,"Sensitivity: 8.0, Augmentation: 1",SB_8.0_aug_1,,,
34500,53057,0.6053037047386169,0.5863389240758419,0.5892000198364258,0.595637985,2023-12-28 16:48:35.320934,"Sensitivity: 2.0, Augmentation: 1",SB_2.0_aug_1,,,
36307,53482,0.6121078729629517,0.5801066470256041,0.7858499884605408,0.8412565500000001,2023-12-28 16:50:21.459827,"Sensitivity: 9.0, Augmentation: 1",SB_9.0_aug_1,,,
34792,53082,0.6032363772392273,0.5554573092287545,0.6395000219345093,0.69722116,2023-12-28 16:51:21.171653,"Sensitivity: 3.0, Augmentation: 1",SB_3.0_aug_1,,,
36661,53447,0.6213544011116028,0.5739866651927266,0.82955002784729,0.8854818100000001,2023-12-28 16:53:24.378008,"Sensitivity: 10.0, Augmentation: 1",SB_10.0_aug_1,,,
35138,53056,0.6113265156745911,0.5550040976341554,0.6938499808311462,0.76936778,2023-12-28 16:54:06.082906,"Sensitivity: 4.0, Augmentation: 1",SB_4.0_aug_1,,,
35573,53258,0.6102725267410278,0.5704292336674532,0.7497000098228455,0.8226545949999999,2023-12-28 16:56:34.337701,"Sensitivity: 6.0, Augmentation: 1",SB_6.0_aug_1,,,
35361,53152,0.6140314936637878,0.5874258028291967,0.7171499729156494,0.7629253949999999,2023-12-28 16:57:15.673980,"Sensitivity: 5.0, Augmentation: 1",SB_5.0_aug_1,,,
35750,53400,0.6098324060440063,0.5907041149406475,0.7369499802589417,0.7810865999999999,2023-12-28 17:00:11.365795,"Sensitivity: 7.0, Augmentation: 1",SB_7.0_aug_1,,,
34065,52855,0.5982605218887329,0.556663643871079,0.5085499882698059,0.6130850299999999,2023-12-28 17:00:18.578460,"Sensitivity: 0.0, Augmentation: 1",SB_0.0_aug_1,,,
36093,53376,0.6085906624794006,0.5637741380322979,0.8004000186920166,0.8834676149999999,2023-12-28 17:03:04.119008,"Sensitivity: 8.0, Augmentation: 1",SB_8.0_aug_1,,,
34320,52917,0.6151862144470215,0.5762107059605944,0.5450500249862671,0.527747435,2023-12-28 17:03:26.668492,"Sensitivity: 1.0, Augmentation: 1",SB_1.0_aug_1,,,
36307,53482,0.6065951585769653,0.5624429566016416,0.8345500230789185,0.921710375,2023-12-28 17:05:46.731483,"Sensitivity: 9.0, Augmentation: 1",SB_9.0_aug_1,,,
34500,53057,0.6095179319381714,0.5961984887434759,0.6087999939918518,0.605117145,2023-12-28 17:07:01.075692,"Sensitivity: 2.0, Augmentation: 1",SB_2.0_aug_1,,,
36661,53447,0.6158609390258789,0.5777861387485321,0.8201000094413757,0.8772229500000001,2023-12-28 17:08:58.199866,"Sensitivity: 10.0, Augmentation: 1",SB_10.0_aug_1,,,
34792,53082,0.601188063621521,0.5622398988199399,0.5781499743461609,0.70224268,2023-12-28 17:09:50.363830,"Sensitivity: 3.0, Augmentation: 1",SB_3.0_aug_1,,,
35573,53258,0.609056830406189,0.5673214258924687,0.7804499864578247,0.85995089,2023-12-28 17:11:55.868254,"Sensitivity: 6.0, Augmentation: 1",SB_6.0_aug_1,,,
35138,53056,0.6142857074737549,0.5899570967008346,0.659250020980835,0.68207996,2023-12-28 17:13:08.686426,"Sensitivity: 4.0, Augmentation: 1",SB_4.0_aug_1,,,
35750,53400,0.6196244955062866,0.6041920562631202,0.7202500104904175,0.746860055,2023-12-28 17:15:24.181702,"Sensitivity: 7.0, Augmentation: 1",SB_7.0_aug_1,,,
35361,53152,0.6201322078704834,0.5884228256177066,0.716949999332428,0.774881615,2023-12-28 17:16:20.636132,"Sensitivity: 5.0, Augmentation: 1",SB_5.0_aug_1,,,
36093,53376,0.6133185625076294,0.5729204246172541,0.8317499756813049,0.90105589,2023-12-28 17:18:21.339386,"Sensitivity: 8.0, Augmentation: 1",SB_8.0_aug_1,,,
34065,52855,0.6068544387817383,0.5631320093257602,0.5038999915122986,0.40444832,2023-12-28 17:19:32.627778,"Sensitivity: 0.0, Augmentation: 1",SB_0.0_aug_1,,,
36307,53482,0.6120076179504395,0.5764747969501535,0.8001499772071838,0.86904195,2023-12-28 17:21:23.776258,"Sensitivity: 9.0, Augmentation: 1",SB_9.0_aug_1,,,
34320,52917,0.6086866855621338,0.5595170396811678,0.5256999731063843,0.50653483,2023-12-28 17:22:26.544414,"Sensitivity: 1.0, Augmentation: 1",SB_1.0_aug_1,,,
36661,53447,0.6250499486923218,0.571091652927948,0.8495000004768372,0.902634955,2023-12-28 17:24:27.360479,"Sensitivity: 10.0, Augmentation: 1",SB_10.0_aug_1,,,
34500,53057,0.6047897934913635,0.5679160125502334,0.5667999982833862,0.602863665,2023-12-28 17:25:21.612429,"Sensitivity: 2.0, Augmentation: 1",SB_2.0_aug_1,,,
35573,53258,0.6086515784263611,0.5735592875252626,0.7528499960899353,0.811917635,2023-12-28 17:27:35.815813,"Sensitivity: 6.0, Augmentation: 1",SB_6.0_aug_1,,,
34792,53082,0.6037484407424927,0.5484966449752098,0.5705999732017517,0.7291364650000001,2023-12-28 17:28:02.287419,"Sensitivity: 3.0, Augmentation: 1",SB_3.0_aug_1,,,
35750,53400,0.6081162691116333,0.5749312790134611,0.7669000029563904,0.8403604450000001,2023-12-28 17:30:30.325268,"Sensitivity: 7.0, Augmentation: 1",SB_7.0_aug_1,,,
35138,53056,0.609183669090271,0.5525742943854698,0.6779999732971191,0.75686752,2023-12-28 17:30:36.311192,"Sensitivity: 4.0, Augmentation: 1",SB_4.0_aug_1,,,
35361,53152,0.6108795404434204,0.5580029722672528,0.6596999764442444,0.82709004,2023-12-28 17:33:16.185727,"Sensitivity: 5.0, Augmentation: 1",SB_5.0_aug_1,,,
36093,53376,0.6170405149459839,0.5736394792806199,0.7975999712944031,0.8631253350000001,2023-12-28 17:33:24.845759,"Sensitivity: 8.0, Augmentation: 1",SB_8.0_aug_1,,,
34065,52855,0.6077862977981567,0.558677598122965,0.5112500190734863,0.644902995,2023-12-28 17:36:18.072651,"Sensitivity: 0.0, Augmentation: 1",SB_0.0_aug_1,,,
36307,53482,0.6099027991294861,0.5770550080113541,0.8210499882698059,0.8857273800000001,2023-12-28 17:36:21.654123,"Sensitivity: 9.0, Augmentation: 1",SB_9.0_aug_1,,,
34320,52917,0.6081708669662476,0.5506598044325816,0.5006999969482422,0.528902895,2023-12-28 17:39:01.112476,"Sensitivity: 1.0, Augmentation: 1",SB_1.0_aug_1,,,
36661,53447,0.6213544011116028,0.565210824658983,0.791700005531311,0.8881654849999999,2023-12-28 17:39:07.173796,"Sensitivity: 10.0, Augmentation: 1",SB_10.0_aug_1,,,
34500,53057,0.5990338325500488,0.5662979848592675,0.5273500084877014,0.5619063400000001,2023-12-28 17:41:42.102976,"Sensitivity: 2.0, Augmentation: 1",SB_2.0_aug_1,,,
35573,53258,0.6176679134368896,0.5836415637410282,0.7445999979972839,0.7760285,2023-12-28 17:42:32.606290,"Sensitivity: 6.0, Augmentation: 1",SB_6.0_aug_1,,,
34792,53082,0.6056944131851196,0.5751392040833783,0.6137999892234802,0.63235458,2023-12-28 17:44:50.532102,"Sensitivity: 3.0, Augmentation: 1",SB_3.0_aug_1,,,
35750,53400,0.6166969537734985,0.5780252028237064,0.8076500296592712,0.872393615,2023-12-28 17:45:38.297428,"Sensitivity: 7.0, Augmentation: 1",SB_7.0_aug_1,,,
35138,53056,0.613877534866333,0.5633494108927635,0.6744999885559082,0.7621610999999999,2023-12-28 17:47:53.009157,"Sensitivity: 4.0, Augmentation: 1",SB_4.0_aug_1,,,
36093,53376,0.6155316233634949,0.5776677276605022,0.7737500071525574,0.80555831,2023-12-28 17:48:47.428540,"Sensitivity: 8.0, Augmentation: 1",SB_8.0_aug_1,,,
35361,53152,0.6193187832832336,0.5849004686009275,0.7113999724388123,0.755749475,2023-12-28 17:51:06.752898,"Sensitivity: 5.0, Augmentation: 1",SB_5.0_aug_1,,,
36307,53482,0.6114062070846558,0.5773383761326996,0.8356000185012817,0.89568658,2023-12-28 17:51:49.040658,"Sensitivity: 9.0, Augmentation: 1",SB_9.0_aug_1,,,
34065,52855,0.6095464825630188,0.5395075272291286,0.5129500031471252,0.661031495,2023-12-28 17:54:09.794889,"Sensitivity: 0.0, Augmentation: 1",SB_0.0_aug_1,,,
36661,53447,0.6206552386283875,0.5940834859869252,0.7945500016212463,0.84136097,2023-12-28 17:55:25.619570,"Sensitivity: 10.0, Augmentation: 1",SB_10.0_aug_1,,,
34320,52917,0.6113690137863159,0.569971271876051,0.5146499872207642,0.460953735,2023-12-28 17:57:16.974213,"Sensitivity: 1.0, Augmentation: 1",SB_1.0_aug_1,,,
35573,53258,0.611994743347168,0.5726157364246387,0.755050003528595,0.849528945,2023-12-28 17:58:18.876254,"Sensitivity: 6.0, Augmentation: 1",SB_6.0_aug_1,,,
34500,53057,0.6041730642318726,0.5756333761562291,0.5855000019073486,0.577837645,2023-12-28 18:00:31.690448,"Sensitivity: 2.0, Augmentation: 1",SB_2.0_aug_1,,,
35750,53400,0.6081162691116333,0.5821934996659056,0.739549994468689,0.7922102950000001,2023-12-28 18:01:29.386236,"Sensitivity: 7.0, Augmentation: 1",SB_7.0_aug_1,,,
34792,53082,0.6058992147445679,0.5664645054782496,0.6320000290870667,0.695392655,2023-12-28 18:03:22.232847,"Sensitivity: 3.0, Augmentation: 1",SB_3.0_aug_1,,,
36093,53376,0.6155316233634949,0.5826308633008106,0.781000018119812,0.83054165,2023-12-28 18:04:34.661465,"Sensitivity: 8.0, Augmentation: 1",SB_8.0_aug_1,,,
35138,53056,0.6152040958404541,0.5840803800823069,0.6761999726295471,0.7229906150000001,2023-12-28 18:06:31.548762,"Sensitivity: 4.0, Augmentation: 1",SB_4.0_aug_1,,,
36307,53482,0.6137115359306335,0.5846126263353022,0.770799994468689,0.824995815,2023-12-28 18:07:37.864566,"Sensitivity: 9.0, Augmentation: 1",SB_9.0_aug_1,,,
35361,53152,0.6110828518867493,0.5780622415280712,0.724399983882904,0.77656159,2023-12-28 18:09:47.873925,"Sensitivity: 5.0, Augmentation: 1",SB_5.0_aug_1,,,
36661,53447,0.6200559139251709,0.5689640807426348,0.8224999904632568,0.89693398,2023-12-28 18:10:29.779727,"Sensitivity: 10.0, Augmentation: 1",SB_10.0_aug_1,,,
34065,52855,0.6107890009880066,0.5550808959783976,0.5039499998092651,0.611136395,2023-12-28 18:12:46.013086,"Sensitivity: 0.0, Augmentation: 1",SB_0.0_aug_1,,,
35573,53258,0.6087529063224792,0.5593622575273415,0.6530500054359436,0.774143365,2023-12-28 18:13:19.393602,"Sensitivity: 6.0, Augmentation: 1",SB_6.0_aug_1,,,
34320,52917,0.6107500195503235,0.5788945657305461,0.5590999722480774,0.533437625,2023-12-28 18:15:49.512853,"Sensitivity: 1.0, Augmentation: 1",SB_1.0_aug_1,,,
35750,53400,0.6052896976470947,0.5707161480876816,0.771049976348877,0.8693500399999999,2023-12-28 18:16:01.949459,"Sensitivity: 7.0, Augmentation: 1",SB_7.0_aug_1,,,
34500,53057,0.5947168469429016,0.5693050279713171,0.5798500180244446,0.596275815,2023-12-28 18:18:54.456499,"Sensitivity: 2.0, Augmentation: 1",SB_2.0_aug_1,,,
36093,53376,0.6136203408241272,0.5700569877493452,0.8033000230789185,0.8574014699999999,2023-12-28 18:19:08.692551,"Sensitivity: 8.0, Augmentation: 1",SB_8.0_aug_1,,,
36307,53482,0.6096020936965942,0.5791422887353191,0.8295000195503235,0.891620525,2023-12-28 18:22:19.700608,"Sensitivity: 9.0, Augmentation: 1",SB_9.0_aug_1,,,
34792,53082,0.6042605638504028,0.5930572878107193,0.6381999850273132,0.64999995,2023-12-28 18:22:20.855177,"Sensitivity: 3.0, Augmentation: 1",SB_3.0_aug_1,,,
36661,53447,0.6193567514419556,0.5584901140827063,0.8622499704360962,0.94126877,2023-12-28 18:25:06.158640,"Sensitivity: 10.0, Augmentation: 1",SB_10.0_aug_1,,,
35138,53056,0.6151020526885986,0.5696719446719447,0.6255000233650208,0.718208355,2023-12-28 18:25:11.492167,"Sensitivity: 4.0, Augmentation: 1",SB_4.0_aug_1,,,
35573,53258,0.6094620823860168,0.5658302525294738,0.7694000005722046,0.86619373,2023-12-28 18:27:49.691345,"Sensitivity: 6.0, Augmentation: 1",SB_6.0_aug_1,,,
35361,53152,0.6127097010612488,0.5893891420906994,0.680899977684021,0.70644618,2023-12-28 18:28:40.959333,"Sensitivity: 5.0, Augmentation: 1",SB_5.0_aug_1,,,
35750,53400,0.6048859357833862,0.5841813698073344,0.7567999958992004,0.823074455,2023-12-28 18:30:56.777640,"Sensitivity: 7.0, Augmentation: 1",SB_7.0_aug_1,,,
34065,52855,0.6109960675239563,0.5568991644634107,0.5090500116348267,0.6646229450000001,2023-12-28 18:31:34.484203,"Sensitivity: 0.0, Augmentation: 1",SB_0.0_aug_1,,,
36093,53376,0.6180464625358582,0.5877439578070089,0.7608000040054321,0.8260453200000001,2023-12-28 18:34:10.023943,"Sensitivity: 8.0, Augmentation: 1",SB_8.0_aug_1,,,
34320,52917,0.604766309261322,0.5480382291291207,0.5106499791145325,0.5088447199999999,2023-12-28 18:34:13.685712,"Sensitivity: 1.0, Augmentation: 1",SB_1.0_aug_1,,,
34500,53057,0.6020146012306213,0.5451738420323666,0.5026000142097473,0.46278407,2023-12-28 18:36:42.308474,"Sensitivity: 2.0, Augmentation: 1",SB_2.0_aug_1,,,
36307,53482,0.6139119863510132,0.5874772682945417,0.76214998960495,0.827924165,2023-12-28 18:37:15.086676,"Sensitivity: 9.0, Augmentation: 1",SB_9.0_aug_1,,,
34792,53082,0.5998566150665283,0.5590390461998587,0.6348000168800354,0.6700036550000001,2023-12-28 18:39:40.403153,"Sensitivity: 3.0, Augmentation: 1",SB_3.0_aug_1,,,
36661,53447,0.6237515211105347,0.5684534090446631,0.8044499754905701,0.8901773900000001,2023-12-28 18:40:12.885687,"Sensitivity: 10.0, Augmentation: 1",SB_10.0_aug_1,,,
35138,53056,0.617755115032196,0.5870480526068195,0.6958000063896179,0.7355069449999999,2023-12-28 18:43:01.052342,"Sensitivity: 4.0, Augmentation: 1",SB_4.0_aug_1,,,
35573,53258,0.6214162707328796,0.584109331567363,0.7641500234603882,0.81013681,2023-12-28 18:43:26.844066,"Sensitivity: 6.0, Augmentation: 1",SB_6.0_aug_1,,,
35361,53152,0.6167768239974976,0.571060963052409,0.6823999881744385,0.813942815,2023-12-28 18:45:42.936433,"Sensitivity: 5.0, Augmentation: 1",SB_5.0_aug_1,,,
35750,53400,0.6059963703155518,0.5793851031431925,0.7816500067710876,0.84002711,2023-12-28 18:46:34.590409,"Sensitivity: 7.0, Augmentation: 1",SB_7.0_aug_1,,,
34065,52855,0.6002277731895447,0.5561170965624527,0.5376999974250793,0.6967393199999999,2023-12-28 18:48:50.576831,"Sensitivity: 0.0, Augmentation: 1",SB_0.0_aug_1,,,
36093,53376,0.606679379940033,0.5792961482670222,0.7899500131607056,0.8494788900000001,2023-12-28 18:49:46.616331,"Sensitivity: 8.0, Augmentation: 1",SB_8.0_aug_1,,,
34320,52917,0.6056948304176331,0.5701916905509394,0.5530499815940857,0.53884833,2023-12-28 18:51:56.404218,"Sensitivity: 1.0, Augmentation: 1",SB_1.0_aug_1,,,
36307,53482,0.6179212331771851,0.5849780132744302,0.8216999769210815,0.872950795,2023-12-28 18:53:00.369455,"Sensitivity: 9.0, Augmentation: 1",SB_9.0_aug_1,,,
34500,53057,0.5982115268707275,0.5706187182266655,0.6293500065803528,0.640237795,2023-12-28 18:55:06.700749,"Sensitivity: 2.0, Augmentation: 1",SB_2.0_aug_1,,,
36661,53447,0.6282461285591125,0.6177637502521571,0.7667999863624573,0.801995465,2023-12-28 18:57:03.492939,"Sensitivity: 10.0, Augmentation: 1",SB_10.0_aug_1,,,
34792,53082,0.6107128262519836,0.5841536204191344,0.6458500027656555,0.6608322950000001,2023-12-28 18:58:39.636715,"Sensitivity: 3.0, Augmentation: 1",SB_3.0_aug_1,,,
35138,53056,0.615612268447876,0.5587294467352271,0.5780500173568726,0.7618136,2023-12-28 19:01:26.029741,"Sensitivity: 4.0, Augmentation: 1",SB_4.0_aug_1,,,
35361,53152,0.6207422614097595,0.594348190361461,0.7078499794006348,0.75536173,2023-12-28 19:04:39.911471,"Sensitivity: 5.0, Augmentation: 1",SB_5.0_aug_1,,,
34065,52855,0.6078898310661316,0.5519885882452336,0.5005999803543091,0.619262025,2023-12-28 19:07:48.286607,"Sensitivity: 0.0, Augmentation: 1",SB_0.0_aug_1,,,
34320,52917,0.6195192337036133,0.6077413629154401,0.5494499802589417,0.49298949,2023-12-28 19:11:38.632778,"Sensitivity: 1.0, Augmentation: 1",SB_1.0_aug_1,,,
71068,106595,0.7059419751167297,0.762370132464139,0.6549500226974487,0.66652705,2023-12-28 19:14:18.653427,"Sensitivity: 6.0, Augmentation: 3",SB_6.0_aug_3,,,
34500,53057,0.599650502204895,0.564361778210848,0.5770999789237976,0.626568175,2023-12-28 19:14:48.498653,"Sensitivity: 2.0, Augmentation: 1",SB_2.0_aug_1,,,
34792,53082,0.6032363772392273,0.5675444117506843,0.6632999777793884,0.7149307199999999,2023-12-28 19:17:30.849691,"Sensitivity: 3.0, Augmentation: 1",SB_3.0_aug_1,,,
35138,53056,0.614081621170044,0.555703847129666,0.6245499849319458,0.733209395,2023-12-28 19:20:07.490593,"Sensitivity: 4.0, Augmentation: 1",SB_4.0_aug_1,,,
71376,106924,0.7145164608955383,0.7787649799664116,0.6773499846458435,0.71735262,2023-12-28 19:22:21.131432,"Sensitivity: 7.0, Augmentation: 3",SB_7.0_aug_3,,,
35361,53152,0.621860682964325,0.6065778912966939,0.6553500294685364,0.6515833400000001,2023-12-28 19:23:52.252786,"Sensitivity: 5.0, Augmentation: 1",SB_5.0_aug_1,,,
72053,106885,0.6943969130516052,0.7447275097253516,0.6759999990463257,0.682888725,2023-12-28 19:36:35.694134,"Sensitivity: 8.0, Augmentation: 3",SB_8.0_aug_3,,,
68094,105746,0.7062020897865295,0.7601546821440629,0.5057500004768372,0.4161507599999999,2023-12-28 19:38:35.875438,"Sensitivity: 0.0, Augmentation: 3",SB_0.0_aug_3,,,
68529,105945,0.6888992190361023,0.7370416835550581,0.5489500164985657,0.48836242,2023-12-28 19:45:51.467203,"Sensitivity: 1.0, Augmentation: 3",SB_1.0_aug_3,,,
72386,107192,0.7038187980651855,0.7714410573272943,0.7016000151634216,0.72567708,2023-12-28 19:46:32.919577,"Sensitivity: 9.0, Augmentation: 3",SB_9.0_aug_3,,,
71068,106595,0.6889215111732483,0.7359103897446677,0.6710500121116638,0.68551301,2023-12-28 19:54:17.761692,"Sensitivity: 6.0, Augmentation: 3",SB_6.0_aug_3,,,
69105,106009,0.7039778232574463,0.753402164814755,0.6100999712944031,0.5800130849999999,2023-12-28 19:55:06.511720,"Sensitivity: 2.0, Augmentation: 3",SB_2.0_aug_3,,,
71376,106924,0.6920048594474792,0.7525962312705721,0.6872000098228455,0.696013415,2023-12-28 20:03:13.435300,"Sensitivity: 7.0, Augmentation: 3",SB_7.0_aug_3,,,
69557,106191,0.7047316431999207,0.7560106835053129,0.6161999702453613,0.5992642149999999,2023-12-28 20:04:49.936102,"Sensitivity: 3.0, Augmentation: 3",SB_3.0_aug_3,,,
72053,106885,0.6709586381912231,0.709829448051329,0.6962000131607056,0.71524515,2023-12-28 20:10:06.475639,"Sensitivity: 8.0, Augmentation: 3",SB_8.0_aug_3,,,
70096,106293,0.7109546661376953,0.7712020374663761,0.6384999752044678,0.6353584550000001,2023-12-28 20:13:52.691265,"Sensitivity: 4.0, Augmentation: 3",SB_4.0_aug_3,,,
72386,107192,0.7017640471458435,0.7647605771042894,0.7026000022888184,0.7335093250000001,2023-12-28 20:19:39.344802,"Sensitivity: 9.0, Augmentation: 3",SB_9.0_aug_3,,,
70525,106501,0.708896815776825,0.7591472415252734,0.6712499856948853,0.6778284499999999,2023-12-28 20:22:39.232256,"Sensitivity: 5.0, Augmentation: 3",SB_5.0_aug_3,,,
71068,106595,0.7028519511222839,0.7558721787710452,0.6694999933242798,0.67621657,2023-12-28 20:28:02.213092,"Sensitivity: 6.0, Augmentation: 3",SB_6.0_aug_3,,,
68094,105746,0.6979705691337585,0.7499346696853006,0.5057500004768372,0.42643909,2023-12-28 20:30:41.245948,"Sensitivity: 0.0, Augmentation: 3",SB_0.0_aug_3,,,
71376,106924,0.682667076587677,0.7362206395603212,0.690500020980835,0.718687015,2023-12-28 20:35:29.548805,"Sensitivity: 7.0, Augmentation: 3",SB_7.0_aug_3,,,
68529,105945,0.6864748001098633,0.7319321431796068,0.5315999984741211,0.444344935,2023-12-28 20:38:26.796116,"Sensitivity: 1.0, Augmentation: 3",SB_1.0_aug_3,,,
72053,106885,0.6785534620285034,0.717515156032402,0.7167500257492065,0.741728395,2023-12-28 20:42:40.835596,"Sensitivity: 8.0, Augmentation: 3",SB_8.0_aug_3,,,
69105,106009,0.704234778881073,0.7579985370408597,0.5721499919891357,0.5338027500000001,2023-12-28 20:46:58.071020,"Sensitivity: 2.0, Augmentation: 3",SB_2.0_aug_3,,,
72386,107192,0.6892853379249573,0.7526445297695601,0.6944500207901001,0.7489701350000001,2023-12-28 20:50:45.255213,"Sensitivity: 9.0, Augmentation: 3",SB_9.0_aug_3,,,
69557,106191,0.7137956023216248,0.766021611727347,0.5997999906539917,0.5764231499999999,2023-12-28 20:55:37.465342,"Sensitivity: 3.0, Augmentation: 3",SB_3.0_aug_3,,,
71068,106595,0.6759536266326904,0.722657198625285,0.7130500078201294,0.742251005,2023-12-28 20:57:50.488287,"Sensitivity: 6.0, Augmentation: 3",SB_6.0_aug_3,,,
70096,106293,0.6975355744361877,0.7460537181333108,0.6438500285148621,0.6292855399999999,2023-12-28 21:03:38.089899,"Sensitivity: 4.0, Augmentation: 3",SB_4.0_aug_3,,,
71376,106924,0.7049263119697571,0.7601103572221884,0.6833999752998352,0.69888662,2023-12-28 21:05:58.406121,"Sensitivity: 7.0, Augmentation: 3",SB_7.0_aug_3,,,
70525,106501,0.7150991559028625,0.7689843238488426,0.6621000170707703,0.649801055,2023-12-28 21:12:37.957551,"Sensitivity: 5.0, Augmentation: 3",SB_5.0_aug_3,,,
72053,106885,0.6862488389015198,0.7407730087342091,0.6695500016212463,0.70073164,2023-12-28 21:14:12.046377,"Sensitivity: 8.0, Augmentation: 3",SB_8.0_aug_3,,,
68094,105746,0.6932594776153564,0.737051555217602,0.5174499750137329,0.41436792,2023-12-28 21:20:12.463221,"Sensitivity: 0.0, Augmentation: 3",SB_0.0_aug_3,,,
72386,107192,0.6948481798171997,0.7538731596594451,0.701449990272522,0.7393151249999999,2023-12-28 21:22:49.592469,"Sensitivity: 9.0, Augmentation: 3",SB_9.0_aug_3,,,
68529,105945,0.7076756358146667,0.7603274991961175,0.5507000088691711,0.4924059299999999,2023-12-28 21:29:16.675273,"Sensitivity: 1.0, Augmentation: 3",SB_1.0_aug_3,,,
71068,106595,0.6991034150123596,0.7544808972903043,0.6922000050544739,0.7153325049999999,2023-12-28 21:30:51.972493,"Sensitivity: 6.0, Augmentation: 3",SB_6.0_aug_3,,,
69105,106009,0.6960633397102356,0.7447394349285779,0.5680000185966492,0.529051935,2023-12-28 21:36:56.896198,"Sensitivity: 2.0, Augmentation: 3",SB_2.0_aug_3,,,
71376,106924,0.690843939781189,0.7393001306684707,0.6933500170707703,0.69741392,2023-12-28 21:38:41.690918,"Sensitivity: 7.0, Augmentation: 3",SB_7.0_aug_3,,,
69557,106191,0.7008910179138184,0.752370322595088,0.6075000166893005,0.58555483,2023-12-28 21:46:00.531449,"Sensitivity: 3.0, Augmentation: 3",SB_3.0_aug_3,,,
72053,106885,0.7029473781585693,0.7615322440561254,0.6972000002861023,0.7408761300000001,2023-12-28 21:46:56.155033,"Sensitivity: 8.0, Augmentation: 3",SB_8.0_aug_3,,,
70096,106293,0.699933648109436,0.7528121369027423,0.6416500210762024,0.6398224549999999,2023-12-28 21:54:03.282744,"Sensitivity: 4.0, Augmentation: 3",SB_4.0_aug_3,,,
72386,107192,0.7216097116470337,0.7871211782321548,0.6707500219345093,0.6942916450000001,2023-12-28 21:56:11.023372,"Sensitivity: 9.0, Augmentation: 3",SB_9.0_aug_3,,,
70525,106501,0.713472306728363,0.7660773343862064,0.6666499972343445,0.663677745,2023-12-28 22:02:02.601517,"Sensitivity: 5.0, Augmentation: 3",SB_5.0_aug_3,,,
71068,106595,0.6860848069190979,0.7245434475454144,0.6776999831199646,0.67045871,2023-12-28 22:03:42.842661,"Sensitivity: 6.0, Augmentation: 3",SB_6.0_aug_3,,,
68094,105746,0.7024228572845459,0.752136314209572,0.5288500189781189,0.4588963049999999,2023-12-28 22:10:45.982639,"Sensitivity: 0.0, Augmentation: 3",SB_0.0_aug_3,,,
71376,106924,0.700484573841095,0.758754908481587,0.6650999784469604,0.674328195,2023-12-28 22:12:24.024413,"Sensitivity: 7.0, Augmentation: 3",SB_7.0_aug_3,,,
68529,105945,0.6877127885818481,0.7338950517005027,0.565500020980835,0.515648295,2023-12-28 22:18:01.167520,"Sensitivity: 1.0, Augmentation: 3",SB_1.0_aug_3,,,
72053,106885,0.7014887928962708,0.7521537489319459,0.6797500252723694,0.7011417799999999,2023-12-28 22:21:01.627997,"Sensitivity: 8.0, Augmentation: 3",SB_8.0_aug_3,,,
69105,106009,0.7125089764595032,0.7699560918817926,0.5682500004768372,0.53502614,2023-12-28 22:27:00.094928,"Sensitivity: 2.0, Augmentation: 3",SB_2.0_aug_3,,,
72386,107192,0.692192018032074,0.7563667965182381,0.6760500073432922,0.7037665900000001,2023-12-28 22:29:41.122833,"Sensitivity: 9.0, Augmentation: 3",SB_9.0_aug_3,,,
69557,106191,0.6887546181678772,0.7358752929890804,0.6304500102996826,0.6269706999999999,2023-12-28 22:34:20.828634,"Sensitivity: 3.0, Augmentation: 3",SB_3.0_aug_3,,,
71068,106595,0.7029532194137573,0.7571849266286075,0.6872000098228455,0.7027636399999999,2023-12-28 22:37:54.958018,"Sensitivity: 6.0, Augmentation: 3",SB_6.0_aug_3,,,
70096,106293,0.7260574698448181,0.785944258956812,0.6254500150680542,0.6132407950000001,2023-12-28 22:43:57.813738,"Sensitivity: 4.0, Augmentation: 3",SB_4.0_aug_3,,,
71376,106924,0.7066424489021301,0.7609195467579412,0.6812999844551086,0.70122207,2023-12-28 22:46:51.689109,"Sensitivity: 7.0, Augmentation: 3",SB_7.0_aug_3,,,
70525,106501,0.7125063538551331,0.7741339093133536,0.6668000221252441,0.6742299,2023-12-28 22:52:32.219383,"Sensitivity: 5.0, Augmentation: 3",SB_5.0_aug_3,,,
72053,106885,0.6978171467781067,0.7532574393208492,0.6752499938011169,0.704518125,2023-12-28 22:55:08.423479,"Sensitivity: 8.0, Augmentation: 3",SB_8.0_aug_3,,,
68094,105746,0.7018533945083618,0.7591760810995956,0.5016499757766724,0.413609435,2023-12-28 23:00:40.516464,"Sensitivity: 0.0, Augmentation: 3",SB_0.0_aug_3,,,
72386,107192,0.6985065937042236,0.7532760339975024,0.7142000198364258,0.7250639700000001,2023-12-28 23:03:39.619176,"Sensitivity: 9.0, Augmentation: 3",SB_9.0_aug_3,,,
68529,105945,0.7156195044517517,0.7727817469455328,0.5659999847412109,0.51259323,2023-12-28 23:10:02.008071,"Sensitivity: 1.0, Augmentation: 3",SB_1.0_aug_3,,,
71068,106595,0.706904411315918,0.7539961410911415,0.6767500042915344,0.6912078150000001,2023-12-28 23:11:45.906841,"Sensitivity: 6.0, Augmentation: 3",SB_6.0_aug_3,,,
69105,106009,0.7069072127342224,0.7565531533070089,0.5992000102996826,0.55321384,2023-12-28 23:17:53.254882,"Sensitivity: 2.0, Augmentation: 3",SB_2.0_aug_3,,,
71376,106924,0.7036644220352173,0.7596874726546987,0.6717000007629395,0.675086055,2023-12-28 23:20:01.526652,"Sensitivity: 7.0, Augmentation: 3",SB_7.0_aug_3,,,
69557,106191,0.7058582305908203,0.7507717149354152,0.613349974155426,0.57604915,2023-12-28 23:26:11.919833,"Sensitivity: 3.0, Augmentation: 3",SB_3.0_aug_3,,,
72053,106885,0.7075244188308716,0.7681771354737643,0.7031000256538391,0.753548825,2023-12-28 23:29:29.349401,"Sensitivity: 8.0, Augmentation: 3",SB_8.0_aug_3,,,
70096,106293,0.7205979824066162,0.7789114058343213,0.6349999904632568,0.621570145,2023-12-28 23:34:53.328754,"Sensitivity: 4.0, Augmentation: 3",SB_4.0_aug_3,,,
72386,107192,0.7038689255714417,0.7631793132156591,0.6970499753952026,0.72445494,2023-12-28 23:38:01.367565,"Sensitivity: 9.0, Augmentation: 3",SB_9.0_aug_3,,,
70525,106501,0.7113878726959229,0.759506922670161,0.6611499786376953,0.65298163,2023-12-28 23:43:00.273449,"Sensitivity: 5.0, Augmentation: 3",SB_5.0_aug_3,,,
71068,106595,0.70194011926651,0.7585976025802394,0.6671500205993652,0.67294255,2023-12-28 23:46:27.808672,"Sensitivity: 6.0, Augmentation: 3",SB_6.0_aug_3,,,
68094,105746,0.6943466663360596,0.7424965962630812,0.5179499983787537,0.43735352,2023-12-28 23:51:06.469220,"Sensitivity: 0.0, Augmentation: 3",SB_0.0_aug_3,,,
71376,106924,0.7015445232391357,0.7595590917237132,0.6694999933242798,0.6577100499999999,2023-12-28 23:55:00.228000,"Sensitivity: 7.0, Augmentation: 3",SB_7.0_aug_3,,,
68529,105945,0.6875580549240112,0.7336034453840395,0.5653499960899353,0.516868595,2023-12-28 23:58:22.978710,"Sensitivity: 1.0, Augmentation: 3",SB_1.0_aug_3,,,
72053,106885,0.7001810669898987,0.7525566299083277,0.6689000129699707,0.67543833,2023-12-29 00:03:15.258492,"Sensitivity: 8.0, Augmentation: 3",SB_8.0_aug_3,,,
69105,106009,0.7138965725898743,0.7702419354170138,0.5874999761581421,0.554741215,2023-12-29 00:07:20.556765,"Sensitivity: 2.0, Augmentation: 3",SB_2.0_aug_3,,,
72386,107192,0.6999098062515259,0.7645940740464608,0.6791999936103821,0.716639015,2023-12-29 00:11:36.189851,"Sensitivity: 9.0, Augmentation: 3",SB_9.0_aug_3,,,
69557,106191,0.6976136565208435,0.738730111692296,0.6329500079154968,0.613404545,2023-12-29 00:15:08.641411,"Sensitivity: 3.0, Augmentation: 3",SB_3.0_aug_3,,,
71068,106595,0.6965199112892151,0.7438535330036683,0.690500020980835,0.6907322650000001,2023-12-29 00:19:54.955377,"Sensitivity: 6.0, Augmentation: 3",SB_6.0_aug_3,,,
70096,106293,0.7235573530197144,0.7802688874052197,0.6315500140190125,0.6096273849999999,2023-12-29 00:23:58.666857,"Sensitivity: 4.0, Augmentation: 3",SB_4.0_aug_3,,,
71376,106924,0.7042701244354248,0.7650434022519066,0.6783000230789185,0.706517705,2023-12-29 00:28:19.552742,"Sensitivity: 7.0, Augmentation: 3",SB_7.0_aug_3,,,
70525,106501,0.7003050446510315,0.7548383507399141,0.6635500192642212,0.6746897299999999,2023-12-29 00:32:06.128044,"Sensitivity: 5.0, Augmentation: 3",SB_5.0_aug_3,,,
72053,106885,0.6968615055084229,0.7435637083875206,0.6885499954223633,0.702312975,2023-12-29 00:36:34.900606,"Sensitivity: 8.0, Augmentation: 3",SB_8.0_aug_3,,,
68094,105746,0.6924311518669128,0.7351881555751882,0.5163499712944031,0.411789015,2023-12-29 00:39:30.441300,"Sensitivity: 0.0, Augmentation: 3",SB_0.0_aug_3,,,
72386,107192,0.71970534324646,0.7795308620114776,0.6757000088691711,0.69260645,2023-12-29 00:46:17.900227,"Sensitivity: 9.0, Augmentation: 3",SB_9.0_aug_3,,,
68529,105945,0.7047869563102722,0.7577971485029568,0.5323500037193298,0.4723267249999999,2023-12-29 00:47:50.681424,"Sensitivity: 1.0, Augmentation: 3",SB_1.0_aug_3,,,
69105,106009,0.7082948088645935,0.7635939550550433,0.5799999833106995,0.5553407,2023-12-29 00:56:09.190115,"Sensitivity: 2.0, Augmentation: 3",SB_2.0_aug_3,,,
69557,106191,0.6870647072792053,0.7323531272134918,0.6315500140190125,0.62207678,2023-12-29 01:03:23.524973,"Sensitivity: 3.0, Augmentation: 3",SB_3.0_aug_3,,,
70096,106293,0.7174345850944519,0.7755093513766674,0.6295499801635742,0.628462035,2023-12-29 01:12:22.925580,"Sensitivity: 4.0, Augmentation: 3",SB_4.0_aug_3,,,
70525,106501,0.7165226340293884,0.7778363047729014,0.6461499929428101,0.658845385,2023-12-29 01:20:57.924738,"Sensitivity: 5.0, Augmentation: 3",SB_5.0_aug_3,,,
68094,105746,0.6985400915145874,0.7525899473344759,0.517799973487854,0.442806515,2023-12-29 01:28:26.679073,"Sensitivity: 0.0, Augmentation: 3",SB_0.0_aug_3,,,
68529,105945,0.7065923810005188,0.7575743733869372,0.5540000200271606,0.503245435,2023-12-29 01:36:27.738885,"Sensitivity: 1.0, Augmentation: 3",SB_1.0_aug_3,,,
69105,106009,0.716774582862854,0.7690935815776581,0.5769500136375427,0.5341376750000001,2023-12-29 01:45:26.706247,"Sensitivity: 2.0, Augmentation: 3",SB_2.0_aug_3,,,
69557,106191,0.6925440430641174,0.7410321951292314,0.6269000172615051,0.62037641,2023-12-29 01:53:17.035843,"Sensitivity: 3.0, Augmentation: 3",SB_3.0_aug_3,,,
70096,106293,0.7065156102180481,0.7573976514645455,0.6372500061988831,0.6282441049999999,2023-12-29 02:01:28.680508,"Sensitivity: 4.0, Augmentation: 3",SB_4.0_aug_3,,,
70525,106501,0.7196746468544006,0.7761652190466719,0.6315000057220459,0.63310618,2023-12-29 02:10:18.995070,"Sensitivity: 5.0, Augmentation: 3",SB_5.0_aug_3,,,
68094,105746,0.7024228572845459,0.7577950787933809,0.5222499966621399,0.444954145,2023-12-29 02:18:11.377149,"Sensitivity: 0.0, Augmentation: 3",SB_0.0_aug_3,,,
68529,105945,0.7189724445343018,0.7765610803495472,0.546500027179718,0.477879975,2023-12-29 02:26:51.867681,"Sensitivity: 1.0, Augmentation: 3",SB_1.0_aug_3,,,
69105,106009,0.7089114785194397,0.7672124714641446,0.5843499898910522,0.558584965,2023-12-29 02:35:46.417125,"Sensitivity: 2.0, Augmentation: 3",SB_2.0_aug_3,,,
69557,106191,0.717431366443634,0.7747122775919608,0.6214500069618225,0.61328407,2023-12-29 02:44:01.195652,"Sensitivity: 3.0, Augmentation: 3",SB_3.0_aug_3,,,
70096,106293,0.7089647650718689,0.7628934798189011,0.6514999866485596,0.6293280550000001,2023-12-29 02:52:16.096582,"Sensitivity: 4.0, Augmentation: 3",SB_4.0_aug_3,,,
70525,106501,0.7026944756507874,0.7522040178489222,0.6381999850273132,0.624122465,2023-12-29 03:00:30.372062,"Sensitivity: 5.0, Augmentation: 3",SB_5.0_aug_3,,,
68094,105746,0.7012321352958679,0.7569088591164543,0.5149999856948853,0.446358675,2023-12-29 03:08:45.730026,"Sensitivity: 0.0, Augmentation: 3",SB_0.0_aug_3,,,
68529,105945,0.7049416899681091,0.7539382628738147,0.5389999747276306,0.47801697,2023-12-29 03:16:53.928386,"Sensitivity: 1.0, Augmentation: 3",SB_1.0_aug_3,,,
69105,106009,0.7056223750114441,0.7668789035157169,0.6089000105857849,0.6112620049999999,2023-12-29 03:25:01.628279,"Sensitivity: 2.0, Augmentation: 3",SB_2.0_aug_3,,,
69557,106191,0.6898812055587769,0.7372934376584153,0.6218500137329102,0.60637801,2023-12-29 03:32:44.385228,"Sensitivity: 3.0, Augmentation: 3",SB_3.0_aug_3,,,
70096,106293,0.7268227934837341,0.7830376385063049,0.6355000138282776,0.5999614,2023-12-29 03:43:09.724686,"Sensitivity: 4.0, Augmentation: 3",SB_4.0_aug_3,,,
70525,106501,0.6938484907150269,0.7431723549111813,0.6650500297546387,0.673643105,2023-12-29 03:50:43.900851,"Sensitivity: 5.0, Augmentation: 3",SB_5.0_aug_3,,,
73072,107144,0.7104973793029785,0.7675176031271785,0.7152000069618225,0.73723413,2023-12-29 09:14:56.078950,"Sensitivity: 10.0, Augmentation: 3",SB_10.0_aug_3,,,
73072,107144,0.6962645053863525,0.7487677572991422,0.6851999759674072,0.6882226,2023-12-29 09:23:25.293641,"Sensitivity: 10.0, Augmentation: 3",SB_10.0_aug_3,,,
73072,107144,0.7014582753181458,0.7526561811658397,0.7084500193595886,0.751115035,2023-12-29 09:31:47.654206,"Sensitivity: 10.0, Augmentation: 3",SB_10.0_aug_3,,,
73072,107144,0.6805832982063293,0.7216554482592268,0.6967999935150146,0.704632645,2023-12-29 09:39:06.695029,"Sensitivity: 10.0, Augmentation: 3",SB_10.0_aug_3,,,
73072,107144,0.6876248717308044,0.7338301133397779,0.7075999975204468,0.7198603149999999,2023-12-29 09:46:20.894100,"Sensitivity: 10.0, Augmentation: 3",SB_10.0_aug_3,,,
73072,107144,0.7021574378013611,0.7508215917069472,0.722100019454956,0.7495678,2023-12-29 09:54:04.408062,"Sensitivity: 10.0, Augmentation: 3",SB_10.0_aug_3,,,
73072,107144,0.694566547870636,0.7411371142534691,0.7112500071525574,0.70764525,2023-12-29 10:01:50.830549,"Sensitivity: 10.0, Augmentation: 3",SB_10.0_aug_3,,,
73072,107144,0.7132940292358398,0.765266945961423,0.7017499804496765,0.731437625,2023-12-29 10:10:11.463803,"Sensitivity: 10.0, Augmentation: 3",SB_10.0_aug_3,,,
73072,107144,0.7118957042694092,0.7743294740538311,0.6880000233650208,0.73016985,2023-12-29 10:18:51.279833,"Sensitivity: 10.0, Augmentation: 3",SB_10.0_aug_3,,,
73072,107144,0.7258789539337158,0.7842486860823732,0.6836000084877014,0.70576894,2023-12-29 10:28:12.040319,"Sensitivity: 10.0, Augmentation: 3",SB_10.0_aug_3,,,
34178,52742,0.6200041174888611,0.5212502148709646,0.5006999969482422,0.695737775,2024-01-01 15:37:36.892601,"Sensitivity: 0.0, Luminosity: x2",SB_0.0_x2,0.7851935430198086,0.442,0.275118156434649
34210,52935,0.6039450764656067,0.5135280110507591,0.5013499855995178,0.6175008249999999,2024-01-01 15:40:21.371319,"Sensitivity: 1.0, Luminosity: x2",SB_1.0_x2,0.5423306187188771,0.376,0.1201665510863984
35074,53198,0.5987358689308167,0.5304972769346084,0.5019000172615051,0.44265303,2024-01-01 15:40:59.111840,"Sensitivity: 6.0, Luminosity: x2",SB_6.0_x2,0.3722000806018182,0.315,0.1549516053482506
34468,52903,0.6120725274085999,0.5315574540695258,0.5045999884605408,0.56769654,2024-01-01 15:42:53.876668,"Sensitivity: 2.0, Luminosity: x2",SB_2.0_x2,0.4705469158330548,0.388,0.1391402170474087
35300,53197,0.6068741083145142,0.5380636507679759,0.7319499850273132,0.9126089000000002,2024-01-01 15:44:00.368757,"Sensitivity: 7.0, Luminosity: x2",SB_7.0_x2,2.446337997906258,3.651,4.35129406039169
34631,52965,0.6103976368904114,0.5114492254730164,0.5009499788284302,0.5499208950000001,2024-01-01 15:45:23.125443,"Sensitivity: 3.0, Luminosity: x2",SB_3.0_x2,0.4433513279556067,0.301,0.1644384383287557
35416,53307,0.5988436937332153,0.5238211783303426,0.737500011920929,0.8797002049999999,2024-01-01 15:46:55.799196,"Sensitivity: 8.0, Luminosity: x2",SB_8.0_x2,2.144024253594161,2.973,3.5607246453495955
34846,52976,0.61313796043396,0.5207167893156872,0.5004000067710876,0.36866457,2024-01-01 15:47:51.674448,"Sensitivity: 4.0, Luminosity: x2",SB_4.0_x2,0.2305300414262748,0.213,0.1612761606685873
35644,53304,0.602893590927124,0.5324440149663172,0.6949999928474426,0.869062745,2024-01-01 15:49:39.480114,"Sensitivity: 9.0, Luminosity: x2",SB_9.0_x2,2.0946927220955343,1.602,0.5628854235099715
35047,53000,0.6146376132965088,0.5184853234025534,0.5016999840736389,0.315089855,2024-01-01 15:50:32.796500,"Sensitivity: 5.0, Luminosity: x2",SB_5.0_x2,0.2185133863176349,0.216,0.1676007159889241
35831,53343,0.6029871702194214,0.5360585424388443,0.6793500185012817,0.873336385,2024-01-01 15:52:35.438171,"Sensitivity: 10.0, Luminosity: x2",SB_10.0_x2,2.122836993271033,2.376,2.0871032557111304
34178,52742,0.6210395693778992,0.5260066704687902,0.5008500218391418,0.66394608,2024-01-01 15:53:05.483078,"Sensitivity: 0.0, Luminosity: x2",SB_0.0_x2,0.7228966731144915,0.5179999999999999,0.1328156617270719
35074,53198,0.5987358689308167,0.5267312392594813,0.5004500150680542,0.4575371,2024-01-01 15:55:02.802355,"Sensitivity: 6.0, Luminosity: x2",SB_6.0_x2,0.3285606488914946,0.2639999999999999,0.3035786553761644
34210,52935,0.6046679615974426,0.5149334714678216,0.5009499788284302,0.549993905,2024-01-01 15:55:35.331434,"Sensitivity: 1.0, Luminosity: x2",SB_1.0_x2,0.3567049200669931,0.2029999999999999,0.142302494707577
35300,53197,0.6034167408943176,0.5333853070121923,0.5008000135421753,0.270462755,2024-01-01 15:57:27.504805,"Sensitivity: 7.0, Luminosity: x2",SB_7.0_x2,0.1302858395989372,0.104,0.0664078308635359
34468,52903,0.6123815178871155,0.5358176023261265,0.5030500292778015,0.559563485,2024-01-01 15:58:04.798823,"Sensitivity: 2.0, Luminosity: x2",SB_2.0_x2,0.4031904016714683,0.3,0.2529822128134704
35416,53307,0.5988436937332153,0.5238774673160728,0.6732000112533569,0.90807993,2024-01-01 16:00:21.665796,"Sensitivity: 8.0, Luminosity: x2",SB_8.0_x2,2.3704433340622173,3.716,4.642223605127182
34631,52965,0.6100893616676331,0.5115103919571375,0.5022000074386597,0.43066216,2024-01-01 16:00:37.573155,"Sensitivity: 3.0, Luminosity: x2",SB_3.0_x2,0.2893484059054066,0.242,0.1233288287465668
35644,53304,0.6075475811958313,0.5366530570452189,0.7791000008583069,0.920503095,2024-01-01 16:03:09.770915,"Sensitivity: 9.0, Luminosity: x2",SB_9.0_x2,2.478277002273958,3.245,2.96621644523794
34846,52976,0.6126255393028259,0.5168425695518759,0.5035499930381775,0.363410125,2024-01-01 16:03:11.888731,"Sensitivity: 4.0, Luminosity: x2",SB_4.0_x2,0.2150348808914498,0.212,0.1359779393872403
35831,53343,0.6051064729690552,0.5416590211334285,0.775600016117096,0.91792562,2024-01-01 16:05:54.042419,"Sensitivity: 10.0, Luminosity: x2",SB_10.0_x2,2.447602908970325,4.09,4.477785166798426
35047,53000,0.6135132312774658,0.5232941699755492,0.5029500126838684,0.278643225,2024-01-01 16:05:54.439250,"Sensitivity: 5.0, Luminosity: x2",SB_5.0_x2,0.1562165164123179,0.143,0.1612761606685873
34178,52742,0.6215572357177734,0.5317489376633839,0.5116999745368958,0.6587276950000001,2024-01-01 16:08:38.188773,"Sensitivity: 0.0, Luminosity: x2",SB_0.0_x2,0.5973542500058069,0.388,0.1802498266295976
35074,53198,0.59853196144104,0.5275236715323567,0.5403000116348267,0.8325898299999999,2024-01-01 16:08:40.973810,"Sensitivity: 6.0, Luminosity: x2",SB_6.0_x2,1.6238295784964627,0.512,0.0094868329805051
34210,52935,0.6042549014091492,0.5148905944512412,0.501800000667572,0.5605466399999999,2024-01-01 16:10:57.028570,"Sensitivity: 1.0, Luminosity: x2",SB_1.0_x2,0.4537868442341624,0.3599999999999999,0.2434953798329652
35300,53197,0.6031116247177124,0.5346472740057389,0.5289000272750854,0.7474341,2024-01-01 16:11:26.591566,"Sensitivity: 7.0, Luminosity: x2",SB_7.0_x2,1.2655435195993854,0.2759999999999999,0.0316227766016838
34468,52903,0.6114544868469238,0.5291650270308077,0.5013999938964844,0.522256955,2024-01-01 16:13:22.994878,"Sensitivity: 2.0, Luminosity: x2",SB_2.0_x2,0.3845329634764749,0.2759999999999999,0.1486270500279138
35416,53307,0.5963079333305359,0.5230841237289584,0.5273000001907349,0.865923955,2024-01-01 16:14:13.345893,"Sensitivity: 8.0, Luminosity: x2",SB_8.0_x2,2.0403015463406384,2.205,2.14718653125433
34631,52965,0.6099866628646851,0.515167979094862,0.5031999945640564,0.4234250599999999,2024-01-01 16:15:53.770428,"Sensitivity: 3.0, Luminosity: x2",SB_3.0_x2,0.2583580848357565,0.233,0.1739252713092608
35644,53304,0.6047146916389465,0.5366369089520592,0.6823499798774719,0.917059145,2024-01-01 16:16:56.712729,"Sensitivity: 9.0, Luminosity: x2",SB_9.0_x2,2.427048104179231,3.29,2.1724847525356767
34846,52976,0.6124205589294434,0.5144900184309993,0.5018500089645386,0.38472266,2024-01-01 16:18:36.313058,"Sensitivity: 4.0, Luminosity: x2",SB_4.0_x2,0.2349572301505106,0.159,0.1043551627855565
35831,53343,0.6054092049598694,0.5354731868283589,0.6894500255584717,0.90073035,2024-01-01 16:19:37.281225,"Sensitivity: 10.0, Luminosity: x2",SB_10.0_x2,2.411236715878389,4.535,6.315068487356253
35047,53000,0.613922119140625,0.5206964240068477,0.5013999938964844,0.587068635,2024-01-01 16:20:55.677050,"Sensitivity: 5.0, Luminosity: x2",SB_5.0_x2,0.4911017206241492,0.3319999999999999,0.1391402170474087
35074,53198,0.5972066521644592,0.5283091395542464,0.5058500170707703,0.3809451399999999,2024-01-01 16:22:10.105751,"Sensitivity: 6.0, Luminosity: x2",SB_6.0_x2,0.2706909677104132,0.1799999999999999,0.1296533840669035
34178,52742,0.6197970509529114,0.524135540422327,0.501800000667572,0.7270772000000001,2024-01-01 16:23:30.278957,"Sensitivity: 0.0, Luminosity: x2",SB_0.0_x2,0.8455930463290247,0.456,0.2276839915321233
35300,53197,0.6031116247177124,0.5360570420483619,0.5038999915122986,0.325572065,2024-01-01 16:24:44.613628,"Sensitivity: 7.0, Luminosity: x2",SB_7.0_x2,0.1786686877995134,0.182,0.1328156617270719
34210,52935,0.6044614315032959,0.5112605485938034,0.5009999871253967,0.60813858,2024-01-01 16:25:56.108094,"Sensitivity: 1.0, Luminosity: x2",SB_1.0_x2,0.5628854235099715,0.3989999999999999,0.1011928851253881
35416,53307,0.5999594330787659,0.5266589976928993,0.6611499786376953,0.8718664549999999,2024-01-01 16:27:41.656475,"Sensitivity: 8.0, Luminosity: x2",SB_8.0_x2,2.0833085225189283,2.586,2.04915592378911
34468,52903,0.612587571144104,0.528268730004543,0.5008500218391418,0.55018755,2024-01-01 16:28:23.143034,"Sensitivity: 2.0, Luminosity: x2",SB_2.0_x2,0.4465136056157751,0.3839999999999999,0.2719558787744806
35644,53304,0.6014771461486816,0.5335663181067694,0.7260000109672546,0.8913953950000001,2024-01-01 16:30:31.655764,"Sensitivity: 9.0, Luminosity: x2",SB_9.0_x2,2.213910589883882,1.955,0.5533985905294665
34631,52965,0.6097811460494995,0.5076061199674204,0.5013999938964844,0.4689673849999999,2024-01-01 16:31:03.712429,"Sensitivity: 3.0, Luminosity: x2",SB_3.0_x2,0.2289489025961907,0.141,0.0948683298050513
35831,53343,0.6030880808830261,0.5361673135049596,0.7870000004768372,0.898521025,2024-01-01 16:33:18.391583,"Sensitivity: 10.0, Luminosity: x2",SB_10.0_x2,2.3660161453379813,3.447,1.928989372702712
34846,52976,0.6136503219604492,0.5215199358669228,0.5019500255584717,0.3757341899999999,2024-01-01 16:33:38.568744,"Sensitivity: 4.0, Luminosity: x2",SB_4.0_x2,0.2387519633427126,0.241,0.1201665510863984
35074,53198,0.5995514392852783,0.5292966141109393,0.5112000107765198,0.7809882650000001,2024-01-01 16:36:10.764908,"Sensitivity: 6.0, Luminosity: x2",SB_6.0_x2,1.3088667235436922,0.1629999999999999,0.0031622776601683
35047,53000,0.615046501159668,0.5232159497301027,0.5034000277519226,0.345113765,2024-01-01 16:36:14.792031,"Sensitivity: 5.0, Luminosity: x2",SB_5.0_x2,0.1925827095042543,0.158,0.0822192191643778
34178,52742,0.6210395693778992,0.5306352732903737,0.5023499727249146,0.64327602,2024-01-01 16:38:41.363357,"Sensitivity: 0.0, Luminosity: x2",SB_0.0_x2,0.6002002998999584,0.393,0.1328156617270719
35300,53197,0.6040268540382385,0.5353578592948698,0.5535500049591064,0.800520855,2024-01-01 16:39:03.582487,"Sensitivity: 7.0, Luminosity: x2",SB_7.0_x2,1.6348975503070522,0.952,0.1296533840669035
34210,52935,0.6045647263526917,0.5142511201118639,0.5001000165939331,0.64817088,2024-01-01 16:40:59.240522,"Sensitivity: 1.0, Luminosity: x2",SB_1.0_x2,0.6058923996882615,0.3259999999999999,0.1486270500279138
35416,53307,0.5919464230537415,0.5269376869178843,0.5896499752998352,0.80593892,2024-01-01 16:41:54.430668,"Sensitivity: 8.0, Luminosity: x2",SB_8.0_x2,1.537499398373866,0.262,0.0316227766016838
34468,52903,0.6122785210609436,0.530275107992507,0.503350019454956,0.5761943949999999,2024-01-01 16:43:17.070789,"Sensitivity: 2.0, Luminosity: x2",SB_2.0_x2,0.4714955991311054,0.309,0.2308462691922917
35644,53304,0.6063334941864014,0.5318719415682209,0.7935000061988831,0.923209855,2024-01-01 16:44:42.523331,"Sensitivity: 9.0, Luminosity: x2",SB_9.0_x2,2.555120349416051,4.441,5.7521830638462825
34631,52965,0.6101921200752258,0.5092030155764434,0.5022500157356262,0.424739765,2024-01-01 16:45:53.476360,"Sensitivity: 3.0, Luminosity: x2",SB_3.0_x2,0.2532984405794872,0.182,0.1075174404457249
35831,53343,0.6047027707099915,0.5390708046995554,0.7407500147819519,0.887720415,2024-01-01 16:47:23.901932,"Sensitivity: 10.0, Luminosity: x2",SB_10.0_x2,2.199364112647108,2.043,0.891762300167483
34846,52976,0.6129329800605774,0.514576015298721,0.5004500150680542,0.466784995,2024-01-01 16:48:12.310747,"Sensitivity: 4.0, Luminosity: x2",SB_4.0_x2,0.3178089048469221,0.2189999999999999,0.0664078308635359
35074,53198,0.6002650856971741,0.5279897789019011,0.5023499727249146,0.348991765,2024-01-01 16:49:55.938082,"Sensitivity: 6.0, Luminosity: x2",SB_6.0_x2,0.220410752913736,0.1659999999999999,0.1043551627855565
35047,53000,0.6149442791938782,0.5224183061668347,0.5011500120162964,0.34496107,2024-01-01 16:50:45.567101,"Sensitivity: 5.0, Luminosity: x2",SB_5.0_x2,0.2355896856825442,0.1999999999999999,0.1486270500279138
35300,53197,0.6053487658500671,0.5408252671551472,0.5964000225067139,0.83802678,2024-01-01 16:52:41.967950,"Sensitivity: 7.0, Luminosity: x2",SB_7.0_x2,1.8594192641790068,0.7939999999999999,0.0948683298050513
34178,52742,0.6213501691818237,0.5244339470266592,0.5058000087738037,0.6960767050000001,2024-01-01 16:53:28.792525,"Sensitivity: 0.0, Luminosity: x2",SB_0.0_x2,0.7143585234320369,0.49,0.1517893276880822
34210,52935,0.6045647263526917,0.5153240494107422,0.5025500059127808,0.67045859,2024-01-01 16:55:42.941880,"Sensitivity: 1.0, Luminosity: x2",SB_1.0_x2,0.6552239311868882,0.367,0.249819935153302
35416,53307,0.6015822887420654,0.5296155900196531,0.7286499738693237,0.901466,2024-01-01 16:55:51.156840,"Sensitivity: 8.0, Luminosity: x2",SB_8.0_x2,2.3498885292711225,3.934,4.360780893372195
34468,52903,0.6116604804992676,0.5272722559758163,0.504800021648407,0.53271404,2024-01-01 16:58:24.387640,"Sensitivity: 2.0, Luminosity: x2",SB_2.0_x2,0.4588464884904318,0.367,0.2055480479109446
35644,53304,0.604917049407959,0.5367895798935975,0.7764000296592712,0.908673545,2024-01-01 16:58:51.781284,"Sensitivity: 9.0, Luminosity: x2",SB_9.0_x2,2.502942768023272,4.414,4.525219331700951
34631,52965,0.6110140681266785,0.5129146697151847,0.5079500079154968,0.5304320699999999,2024-01-01 17:00:54.150365,"Sensitivity: 3.0, Luminosity: x2",SB_3.0_x2,0.4363943171032364,0.3939999999999999,0.1359779393872403
35831,53343,0.6057119965553284,0.5340448979110096,0.8062000274658203,0.925441175,2024-01-01 17:01:50.597285,"Sensitivity: 10.0, Luminosity: x2",SB_10.0_x2,2.538044050051141,3.979,3.68721575175633
34846,52976,0.6134454011917114,0.5190175266264896,0.5009499788284302,0.383286295,2024-01-01 17:03:24.002252,"Sensitivity: 4.0, Luminosity: x2",SB_4.0_x2,0.2618365902619418,0.251,0.1612761606685873
35074,53198,0.5996533632278442,0.5207591993862462,0.6103500127792358,0.865896595,2024-01-01 17:04:58.951034,"Sensitivity: 6.0, Luminosity: x2",SB_6.0_x2,2.0946927220955343,1.362,0.0158113883008419
35047,53000,0.6146376132965088,0.52460368629561,0.5009499788284302,0.267962055,2024-01-01 17:06:05.401376,"Sensitivity: 5.0, Luminosity: x2",SB_5.0_x2,0.1369266226852908,0.125,0.1233288287465668
35300,53197,0.6061623096466064,0.5339317864901116,0.6604999899864197,0.88363543,2024-01-01 17:07:40.114631,"Sensitivity: 7.0, Luminosity: x2",SB_7.0_x2,2.1060769216721407,2.207,0.9455210203903456
34178,52742,0.6202112436294556,0.5255144930465571,0.5019000172615051,0.5845365549999999,2024-01-01 17:08:44.123832,"Sensitivity: 0.0, Luminosity: x2",SB_0.0_x2,0.4888881262620314,0.3309999999999999,0.1676007159889241
35416,53307,0.600770890712738,0.527659083141075,0.7041000127792358,0.920524295,2024-01-01 17:10:26.998992,"Sensitivity: 8.0, Luminosity: x2",SB_8.0_x2,2.438432303755837,3.334,1.568489719443516
34210,52935,0.6048745512962341,0.5132019717181235,0.5001500248908997,0.6341735500000001,2024-01-01 17:10:59.869319,"Sensitivity: 1.0, Luminosity: x2",SB_1.0_x2,0.5527661349974328,0.3999999999999999,0.142302494707577
35644,53304,0.6029947400093079,0.5356017244542286,0.6287500262260437,0.8615436950000002,2024-01-01 17:13:13.748843,"Sensitivity: 9.0, Luminosity: x2",SB_9.0_x2,2.0267037524019145,1.644,0.6071573107523288
34468,52903,0.6121755242347717,0.5293646883105304,0.5003499984741211,0.49164976,2024-01-01 17:13:24.536987,"Sensitivity: 2.0, Luminosity: x2",SB_2.0_x2,0.290613316969474,0.17,0.0948683298050513
34631,52965,0.6096783876419067,0.5127179918473086,0.5004000067710876,0.53993474,2024-01-01 17:15:46.347021,"Sensitivity: 3.0, Luminosity: x2",SB_3.0_x2,0.3933873409249463,0.284,0.1264911064067352
35831,53343,0.6085376739501953,0.5437748985758633,0.8237000107765198,0.935098305,2024-01-01 17:15:59.390973,"Sensitivity: 10.0, Luminosity: x2",SB_10.0_x2,2.6161523082573,4.808999999999999,5.1513503084142895
34846,52976,0.6130354404449463,0.5188325392845202,0.5001999735832214,0.44438743,2024-01-01 17:17:58.356368,"Sensitivity: 4.0, Luminosity: x2",SB_4.0_x2,0.2605716791978744,0.1969999999999999,0.0853814968245462
35074,53198,0.5990417003631592,0.5324096343015574,0.5007500052452087,0.247208365,2024-01-01 17:18:34.003244,"Sensitivity: 6.0, Luminosity: x2",SB_6.0_x2,0.1046713905515733,0.099,0.0600832755431992
35047,53000,0.6143310070037842,0.5237092049214255,0.5006999969482422,0.3414945,2024-01-01 17:20:33.469490,"Sensitivity: 5.0, Luminosity: x2",SB_5.0_x2,0.1672844882229072,0.111,0.0758946638440411
35300,53197,0.6046369671821594,0.5357014038724134,0.6503999829292297,0.84140954,2024-01-01 17:21:24.663017,"Sensitivity: 7.0, Luminosity: x2",SB_7.0_x2,1.8461376980063,1.895,1.441998613036781
34178,52742,0.6202112436294556,0.5248209651421025,0.503250002861023,0.62577981,2024-01-01 17:23:04.809244,"Sensitivity: 0.0, Luminosity: x2",SB_0.0_x2,0.6507967424626525,0.4519999999999999,0.1960612149304395
35416,53307,0.6014809012413025,0.53077146885414,0.7628499865531921,0.917499535,2024-01-01 17:24:25.212947,"Sensitivity: 8.0, Luminosity: x2",SB_8.0_x2,2.47416604131574,4.286,5.783805840447966
34210,52935,0.6047712564468384,0.5098770620900248,0.503250002861023,0.612370995,2024-01-01 17:25:19.924863,"Sensitivity: 1.0, Luminosity: x2",SB_1.0_x2,0.5379034299946414,0.427,0.1739252713092608
35644,53304,0.6003642082214355,0.5282999918939558,0.5805500149726868,0.8281747500000001,2024-01-01 17:26:57.153638,"Sensitivity: 9.0, Luminosity: x2",SB_9.0_x2,1.7009891534045714,0.859,0.091706052144883
34468,52903,0.6111454367637634,0.5289614105136469,0.5066499710083008,0.47627957,2024-01-01 17:28:12.840572,"Sensitivity: 2.0, Luminosity: x2",SB_2.0_x2,0.3456369482564038,0.29,0.142302494707577
35831,53343,0.6034917831420898,0.5370812324568446,0.8210499882698059,0.921805505,2024-01-01 17:29:51.995009,"Sensitivity: 10.0, Luminosity: x2",SB_10.0_x2,2.511797145471744,3.952,3.8864392443469375
34631,52965,0.6097811460494995,0.508658573965876,0.5031499862670898,0.472139425,2024-01-01 17:30:54.700550,"Sensitivity: 3.0, Luminosity: x2",SB_3.0_x2,0.3462694037884375,0.2599999999999999,0.1264911064067352
35074,53198,0.5993475317955017,0.5297297386147907,0.5719500184059143,0.79222994,2024-01-01 17:32:41.959955,"Sensitivity: 6.0, Luminosity: x2",SB_6.0_x2,1.3831802485576492,0.247,0.0158113883008419
34846,52976,0.6129329800605774,0.5164706026625073,0.500249981880188,0.33674671,2024-01-01 17:33:32.272922,"Sensitivity: 4.0, Luminosity: x2",SB_4.0_x2,0.1761388656713787,0.146,0.050596442562694
35300,53197,0.6035184264183044,0.5339008398356221,0.5005999803543091,0.277973315,2024-01-01 17:35:13.110957,"Sensitivity: 7.0, Luminosity: x2",SB_7.0_x2,0.1230126009805499,0.109,0.0695701085237043
35047,53000,0.614535391330719,0.5268265883187747,0.5625,0.8146683699999999,2024-01-01 17:36:13.796759,"Sensitivity: 5.0, Luminosity: x2",SB_5.0_x2,1.6336326392429843,0.4599999999999999,0.0031622776601683
35416,53307,0.6019880175590515,0.531477185337093,0.8016999959945679,0.93384611,2024-01-01 17:38:05.471219,"Sensitivity: 8.0, Luminosity: x2",SB_8.0_x2,2.567769460056724,4.423,4.480947444458594
34178,52742,0.621143102645874,0.526693916128943,0.503000020980835,0.6261212549999999,2024-01-01 17:38:42.633780,"Sensitivity: 0.0, Luminosity: x2",SB_0.0_x2,0.5742696230865777,0.439,0.2814427117549857
35644,53304,0.602893590927124,0.5324278882048525,0.6009500026702881,0.8954975199999999,2024-01-01 17:40:40.003524,"Sensitivity: 9.0, Luminosity: x2",SB_9.0_x2,2.249011871911752,1.436,0.208710325571113
34210,52935,0.6047712564468384,0.5135655117088611,0.5001000165939331,0.581416375,2024-01-01 17:41:09.437584,"Sensitivity: 1.0, Luminosity: x2",SB_1.0_x2,0.4923666316882166,0.333,0.1865743819499344
34468,52903,0.612587571144104,0.5302397790072533,0.5022000074386597,0.6282891399999999,2024-01-01 17:43:23.293645,"Sensitivity: 2.0, Luminosity: x2",SB_2.0_x2,0.5922946057495374,0.3839999999999999,0.2814427117549857
35831,53343,0.6068220734596252,0.5343258898318073,0.7402499914169312,0.895796355,2024-01-01 17:43:37.081318,"Sensitivity: 10.0, Luminosity: x2",SB_10.0_x2,2.333444685438247,3.873,4.869907596659305
34631,52965,0.6099866628646851,0.5118135842574641,0.5011500120162964,0.4569582,2024-01-01 17:45:56.737334,"Sensitivity: 3.0, Luminosity: x2",SB_3.0_x2,0.3684053474096162,0.2779999999999999,0.1138419957660616
35074,53198,0.5980222225189209,0.528198879456342,0.5176500082015991,0.747162805,2024-01-01 17:46:23.978793,"Sensitivity: 6.0, Luminosity: x2",SB_6.0_x2,1.1368388188305325,0.1919999999999999,0.0158113883008419
34846,52976,0.61313796043396,0.5143788090967818,0.5003499984741211,0.3798093,2024-01-01 17:48:30.647375,"Sensitivity: 4.0, Luminosity: x2",SB_4.0_x2,0.2612041347299081,0.221,0.1581138830084189
35300,53197,0.6020947694778442,0.5355743778977395,0.5006999969482422,0.236155715,2024-01-01 17:48:52.888626,"Sensitivity: 7.0, Luminosity: x2",SB_7.0_x2,0.1296533840669035,0.1099999999999999,0.0758946638440411
35047,53000,0.6153531670570374,0.5251999116239167,0.5003499984741211,0.33208189,2024-01-01 17:51:04.313659,"Sensitivity: 5.0, Luminosity: x2",SB_5.0_x2,0.1701305381170588,0.123,0.1296533840669035
35416,53307,0.5965108275413513,0.5276693582842007,0.5124499797821045,0.764302355,2024-01-01 17:51:36.971941,"Sensitivity: 8.0, Luminosity: x2",SB_8.0_x2,1.3272079339726688,0.4179999999999999,0.025298221281347
34178,52742,0.6213501691818237,0.5234209123712503,0.5007500052452087,0.597493395,2024-01-01 17:53:45.878498,"Sensitivity: 0.0, Luminosity: x2",SB_0.0_x2,0.5046995145628733,0.354,0.1296533840669035
35644,53304,0.604917049407959,0.5368114875444232,0.750249981880188,0.91372722,2024-01-01 17:54:26.494260,"Sensitivity: 9.0, Luminosity: x2",SB_9.0_x2,2.4672090304633696,4.403,5.89448555855386
34210,52935,0.6046679615974426,0.515604289307873,0.5012999773025513,0.52859368,2024-01-01 17:56:13.175542,"Sensitivity: 1.0, Luminosity: x2",SB_1.0_x2,0.384216735710458,0.252,0.1486270500279138
35831,53343,0.6059138178825378,0.5372985835391932,0.7232999801635742,0.916835015,2024-01-01 17:57:15.522923,"Sensitivity: 10.0, Luminosity: x2",SB_10.0_x2,2.4675252582293865,4.159,3.737812194319025
34468,52903,0.6122785210609436,0.5286874041776692,0.5010499954223633,0.5864274,2024-01-01 17:58:42.673530,"Sensitivity: 2.0, Luminosity: x2",SB_2.0_x2,0.491734176156183,0.421,0.1486270500279138
34631,52965,0.609472930431366,0.5122450553431331,0.5013999938964844,0.50429431,2024-01-01 18:01:06.441810,"Sensitivity: 3.0, Luminosity: x2",SB_3.0_x2,0.3314066987856461,0.222,0.1707629936490925
34846,52976,0.6130354404449463,0.5157775808003106,0.5000500082969666,0.570297775,2024-01-01 18:03:21.555045,"Sensitivity: 4.0, Luminosity: x2",SB_4.0_x2,0.4401890502954383,0.301,0.2181971585516182
35047,53000,0.6140243411064148,0.5250296182525553,0.5041000247001648,0.32899077,2024-01-01 18:06:04.466497,"Sensitivity: 5.0, Luminosity: x2",SB_5.0_x2,0.19669367046247319,0.188,0.1233288287465668
