Train signal size,Train background size,Validation signal size,Validation background size,Loss,ACC,AUC,Loss-true,ACC-true,AUC-true,Sample Type,Model Name,TPR/FPR^0.5: FPR=0.1,TPR/FPR^0.5: FPR=0.01,TPR/FPR^0.5: FPR=0.001,Training epochs,time
15687,16321,3921,4079,0.6911211013793945,0.525,0.5265525446519483,0.6163926720619202,0.8684,0.938079545,"Sensitivity: 5.0, Resolution: 25x25",SB_5.0_25x25,2.5759913819731617,3.744,3.3393652091378088,23,2024-04-23 15:25:08.986511
15687,16321,3921,4079,0.691493809223175,0.523375,0.5257533266569792,0.6460002660751343,0.831,0.896376665,"Sensitivity: 5.0, Resolution: 25x25",SB_5.0_25x25,2.236995216803112,1.4399999999999995,0.8506526905852941,24,2024-04-23 15:26:27.770221
15687,16321,3921,4079,0.6929524540901184,0.509875,0.4997206722947369,0.6933622360229492,0.50005,0.489947965,"Sensitivity: 5.0, Resolution: 25x25",SB_5.0_25x25,3.09618605707086,9.791,30.9618605707086,18,2024-04-23 15:27:12.839660
15687,16321,3921,4079,0.6911840438842773,0.524875,0.5230036603652712,0.6091879606246948,0.88705,0.95299487,"Sensitivity: 5.0, Resolution: 25x25",SB_5.0_25x25,2.7268320263631933,5.012999999999999,8.010049313206506,24,2024-04-23 15:28:19.040036
15687,16321,3921,4079,0.6915885210037231,0.5235,0.5255386179071474,0.6429901123046875,0.80995,0.87463649,"Sensitivity: 5.0, Resolution: 25x25",SB_5.0_25x25,2.0342932187863183,1.513,0.9202227991089984,23,2024-04-23 15:29:37.725247
15687,16321,3921,4079,0.6915345191955566,0.523625,0.5252010799962661,0.6497371792793274,0.80895,0.8805060449999998,"Sensitivity: 5.0, Resolution: 25x25",SB_5.0_25x25,2.1029146440119724,2.141,1.9859103705857424,21,2024-04-23 15:30:25.198867
15687,16321,3921,4079,0.6915561556816101,0.5245,0.5240958363821788,0.6384462118148804,0.8438,0.915378365,"Sensitivity: 5.0, Resolution: 25x25",SB_5.0_25x25,2.37613543385052,2.096,1.884717485460354,22,2024-04-23 15:31:18.406821
15687,16321,3921,4079,0.6905920505523682,0.5275,0.5257508569436365,0.5750078558921814,0.87825,0.94753952,"Sensitivity: 5.0, Resolution: 25x25",SB_5.0_25x25,2.692679427633375,4.843999999999999,6.685054973595954,22,2024-04-23 15:32:31.024172
15687,16321,3921,4079,7.775205612182617,0.509875,0.5,7.624600887298584,0.5,0.5,"Sensitivity: 5.0, Resolution: 25x25",SB_5.0_25x25,3.162277660168379,10.0,31.6227766016838,12,2024-04-23 15:33:31.077402
15687,16321,3921,4079,0.6913639903068542,0.526625,0.525064620518541,0.6390486359596252,0.83885,0.91308595,"Sensitivity: 5.0, Resolution: 25x25",SB_5.0_25x25,2.3034030476666474,2.055,2.04915592378911,19,2024-04-23 15:35:22.487981
15687,16321,3921,4079,0.6911525726318359,0.527625,0.5290906596754397,0.6246314644813538,0.83635,0.91022605,"Sensitivity: 5.0, Resolution: 25x25",SB_5.0_25x25,2.347991162675022,4.113,5.318951024403214,28,2024-04-23 15:36:22.108797
15687,16321,3921,4079,0.6915173530578613,0.52325,0.5232130545420872,0.6025134325027466,0.88825,0.95208047,"Sensitivity: 5.0, Resolution: 25x25",SB_5.0_25x25,2.754660069772675,4.899,6.3087439320359175,31,2024-04-23 15:37:32.275661
15687,16321,3921,4079,0.69146329164505,0.529125,0.5317354725677685,0.5983496904373169,0.84865,0.91583149,"Sensitivity: 5.0, Resolution: 25x25",SB_5.0_25x25,2.4204073210928776,2.456,1.2775601747080252,19,2024-04-23 15:38:17.524179
15687,16321,3921,4079,0.6912041306495667,0.525375,0.5245477939238674,0.6259956955909729,0.8551,0.92678855,"Sensitivity: 5.0, Resolution: 25x25",SB_5.0_25x25,2.5023103124912387,3.086,2.49819935153302,15,2024-04-23 15:38:57.616355
15687,16321,3921,4079,7.775204658508301,0.509875,0.5,7.624600887298584,0.5,0.5,"Sensitivity: 5.0, Resolution: 25x25",SB_5.0_25x25,3.162277660168379,10.0,31.6227766016838,12,2024-04-23 15:39:28.865198
15687,16321,3921,4079,0.6912756562232971,0.526125,0.5289283463631032,0.5968572497367859,0.88075,0.948668105,"Sensitivity: 5.0, Resolution: 25x25",SB_5.0_25x25,2.7027987161459137,5.531,9.83468352312366,19,2024-04-23 15:40:30.096678
15687,16321,3921,4079,0.6929529905319214,0.509875,0.5,0.6933712363243103,0.5,0.5,"Sensitivity: 5.0, Resolution: 25x25",SB_5.0_25x25,3.162277660168379,10.0,31.6227766016838,14,2024-04-23 15:41:19.988070
15687,16321,3921,4079,7.775205612182617,0.509875,0.5,7.624600887298584,0.5,0.5,"Sensitivity: 5.0, Resolution: 25x25",SB_5.0_25x25,3.162277660168379,10.0,31.6227766016838,12,2024-04-23 15:43:05.103735
15687,16321,3921,4079,0.691714882850647,0.523125,0.5236701390836263,0.6324284076690674,0.8328,0.90556535,"Sensitivity: 5.0, Resolution: 25x25",SB_5.0_25x25,2.2951811257502097,2.789,4.452486945517078,19,2024-04-23 15:44:10.574318
15687,16321,3921,4079,0.691023588180542,0.528375,0.5286611171269993,0.5849867463111877,0.86865,0.934125945,"Sensitivity: 5.0, Resolution: 25x25",SB_5.0_25x25,2.6332286076222093,4.843999999999999,5.983029333038575,22,2024-04-23 15:45:19.952600
15687,16321,3921,4079,0.6915268301963806,0.524875,0.524314640479452,0.6353644728660583,0.83015,0.90214998,"Sensitivity: 5.0, Resolution: 25x25",SB_5.0_25x25,2.1611005529590703,1.81,1.7297658801121036,19,2024-04-23 15:46:20.508990
15687,16321,3921,4079,0.691310465335846,0.52675,0.5242436440364019,0.6111372709274292,0.878,0.9467879600000002,"Sensitivity: 5.0, Resolution: 25x25",SB_5.0_25x25,2.675286900502449,5.13,6.587024366130735,21,2024-04-23 15:47:28.245302
15687,16321,3921,4079,0.6913420557975769,0.524,0.5231309600200929,0.6231042742729187,0.8688,0.9407992,"Sensitivity: 5.0, Resolution: 25x25",SB_5.0_25x25,2.621211952513569,4.608,6.460533259724,16,2024-04-23 15:48:23.252051
15687,16321,3921,4079,0.6911965012550354,0.52725,0.5262841899768529,0.6236177682876587,0.80245,0.87530401,"Sensitivity: 5.0, Resolution: 25x25",SB_5.0_25x25,2.090581761137316,3.22,3.633457031533468,23,2024-04-23 15:49:30.341571
15687,16321,3921,4079,7.775205612182617,0.509875,0.5,7.624600887298584,0.5,0.5,"Sensitivity: 5.0, Resolution: 25x25",SB_5.0_25x25,3.162277660168379,10.0,31.6227766016838,12,2024-04-23 15:50:11.713928
15687,16321,3921,4079,0.6912515759468079,0.524875,0.5247241752235982,0.625891387462616,0.87835,0.948177485,"Sensitivity: 5.0, Resolution: 25x25",SB_5.0_25x25,2.6850899612489707,4.81,5.812266339389481,19,2024-04-23 15:51:10.519449
15687,16321,3921,4079,7.775205612182617,0.509875,0.5,7.624600887298584,0.5,0.5,"Sensitivity: 5.0, Resolution: 25x25",SB_5.0_25x25,3.162277660168379,10.0,31.6227766016838,12,2024-04-23 15:52:16.842921
15687,16321,3921,4079,0.691085934638977,0.522375,0.5216849897513149,0.5788731575012207,0.8873,0.951656565,"Sensitivity: 5.0, Resolution: 25x25",SB_5.0_25x25,2.74517323679217,5.634,9.923227297608376,18,2024-04-23 15:53:19.754347
15687,16321,3921,4079,0.6908952593803406,0.5275,0.526333865603452,0.5866785049438477,0.8795,0.946447855,"Sensitivity: 5.0, Resolution: 25x25",SB_5.0_25x25,2.6980552996556613,4.779,5.666801567021736,27,2024-04-23 15:54:10.051624
15687,16321,3921,4079,0.6914037466049194,0.524625,0.5247661603504217,0.633701741695404,0.84455,0.91470335,"Sensitivity: 5.0, Resolution: 25x25",SB_5.0_25x25,2.342299062886718,2.347,2.235730305739044,24,2024-04-23 15:55:00.724672
15687,16321,3921,4079,0.6916852593421936,0.526625,0.5264922086171238,0.6383671164512634,0.8179,0.8855713199999999,"Sensitivity: 5.0, Resolution: 25x25",SB_5.0_25x25,2.0048840365467524,0.84,0.142302494707577,16,2024-04-23 15:55:47.893764
15687,16321,3921,4079,0.691980242729187,0.52075,0.5133717158048962,0.6025770306587219,0.8602,0.92737307,"Sensitivity: 5.0, Resolution: 25x25",SB_5.0_25x25,2.547530883031646,4.119999999999999,6.862142522565383,25,2024-04-23 15:56:32.855697
15687,16321,3921,4079,7.775205612182617,0.509875,0.5,7.624600887298584,0.5,0.5,"Sensitivity: 5.0, Resolution: 25x25",SB_5.0_25x25,3.162277660168379,10.0,31.6227766016838,12,2024-04-23 15:57:01.439367
15687,16321,3921,4079,0.6912318468093872,0.524875,0.5268454401494983,0.6307569146156311,0.84825,0.92101021,"Sensitivity: 5.0, Resolution: 25x25",SB_5.0_25x25,2.4460217701402414,2.847,2.109239199332309,31,2024-04-23 15:57:58.526481
15687,16321,3921,4079,0.6910582184791565,0.5275,0.5290027191231279,0.6010986566543579,0.865,0.93573152,"Sensitivity: 5.0, Resolution: 25x25",SB_5.0_25x25,2.563026043566472,4.254,4.427188724235732,28,2024-04-23 15:58:53.769395
15687,16321,3921,4079,7.775206089019775,0.509875,0.5,7.624600887298584,0.5,0.5,"Sensitivity: 5.0, Resolution: 25x25",SB_5.0_25x25,3.162277660168379,10.0,31.6227766016838,12,2024-04-23 15:59:24.161764
15687,16321,3921,4079,0.6909486651420593,0.524625,0.52236669315825,0.5672808289527893,0.89085,0.952523925,"Sensitivity: 5.0, Resolution: 25x25",SB_5.0_25x25,2.786282846374359,6.076,11.324116301062968,28,2024-04-23 16:00:50.933587
15687,16321,3921,4079,0.6908461451530457,0.52275,0.5227604092321261,0.5817751288414001,0.86785,0.93550113,"Sensitivity: 5.0, Resolution: 25x25",SB_5.0_25x25,2.6174172193213674,5.25,10.365946170031949,28,2024-04-23 16:02:17.013691
15687,16321,3921,4079,0.6911407709121704,0.526375,0.5271137635623995,0.5954780578613281,0.88775,0.954380905,"Sensitivity: 5.0, Resolution: 25x25",SB_5.0_25x25,2.753078930942591,4.843,6.998120461952624,19,2024-04-23 16:03:26.173075
15687,16321,3921,4079,0.6910931468009949,0.52425,0.5243746326301403,0.589131236076355,0.87735,0.939960175,"Sensitivity: 5.0, Resolution: 25x25",SB_5.0_25x25,2.69014960550524,5.012,7.450326167356702,26,2024-04-23 16:04:59.455328
15687,16321,3921,4079,0.6910759806632996,0.524375,0.5266676520510282,0.599469780921936,0.87345,0.93880083,"Sensitivity: 5.0, Resolution: 25x25",SB_5.0_25x25,2.662005334329742,4.995,6.580699810810399,21,2024-04-23 16:06:14.350500
15687,16321,3921,4079,0.6915068030357361,0.523625,0.5267752565234977,0.6527878642082214,0.7982,0.8613055,"Sensitivity: 5.0, Resolution: 25x25",SB_5.0_25x25,1.972945032179052,0.83,0.2023857702507763,12,2024-04-23 16:06:59.258991
15687,16321,3921,4079,0.6915323734283447,0.523,0.5263047292384486,0.6494009494781494,0.8151,0.883817045,"Sensitivity: 5.0, Resolution: 25x25",SB_5.0_25x25,2.1588869585969523,1.867,1.941638483343385,14,2024-04-23 16:07:52.301498
15687,16321,3921,4079,0.6908436417579651,0.5255,0.523505887515249,0.591130793094635,0.87655,0.94405937,"Sensitivity: 5.0, Resolution: 25x25",SB_5.0_25x25,2.649039995923052,5.159,8.225084194097954,29,2024-04-23 16:09:23.413670
15687,16321,3921,4079,0.6914069652557373,0.5225,0.5275616257566467,0.6433588862419128,0.8073,0.877044855,"Sensitivity: 5.0, Resolution: 25x25",SB_5.0_25x25,2.0403015463406384,1.209,0.616644143732834,18,2024-04-23 16:10:36.073523
15687,16321,3921,4079,0.6911635994911194,0.525625,0.5251165470231232,0.6150156259536743,0.8709,0.9413764,"Sensitivity: 5.0, Resolution: 25x25",SB_5.0_25x25,2.6221606358116203,3.845,3.680891196435994,17,2024-04-23 16:11:31.352960
15687,16321,3921,4079,0.6915566325187683,0.525125,0.5259474648830209,0.6330772638320923,0.8533,0.92218569,"Sensitivity: 5.0, Resolution: 25x25",SB_5.0_25x25,2.508002412279541,4.167,7.78552759933455,18,2024-04-23 16:12:33.298269
15687,16321,3921,4079,0.691159725189209,0.52975,0.5288113944945649,0.6149168610572815,0.8541,0.92894233,"Sensitivity: 5.0, Resolution: 25x25",SB_5.0_25x25,2.4966182127029355,4.547999999999999,6.14746777136733,27,2024-04-23 16:13:55.554962
15687,16321,3921,4079,0.6915028095245361,0.520875,0.5179508769639458,0.5763857364654541,0.8917,0.95609976,"Sensitivity: 5.0, Resolution: 25x25",SB_5.0_25x25,2.7903938073325776,5.561,10.660037992427608,18,2024-04-23 16:15:43.628459
15687,16321,3921,4079,0.6915237903594971,0.524125,0.5213578308889111,0.5753185749053955,0.87115,0.94308147,"Sensitivity: 5.0, Resolution: 25x25",SB_5.0_25x25,2.6306987854940744,4.686999999999999,9.237013045351835,23,2024-04-23 16:17:39.446967
15687,16321,3921,4079,0.6914642453193665,0.52575,0.5225163452819315,0.6420629620552063,0.8166,0.8906141599999999,"Sensitivity: 5.0, Resolution: 25x25",SB_5.0_25x25,2.120623398908915,3.205,5.926108335155544,25,2024-04-23 16:19:49.936840
15687,16321,3921,4079,0.6909688711166382,0.52575,0.5281411017885164,0.6293342709541321,0.84405,0.913887875,"Sensitivity: 5.0, Resolution: 25x25",SB_5.0_25x25,2.4033310217279684,3.736,4.967938204124524,22,2024-04-23 16:21:53.154102
15687,16321,3921,4079,0.6906627416610718,0.527875,0.5303728473087533,0.6253662109375,0.84765,0.917904625,"Sensitivity: 5.0, Resolution: 25x25",SB_5.0_25x25,2.437799848223804,2.696,0.9423587427301772,21,2024-04-23 16:23:24.307604
15687,16321,3921,4079,7.775206089019775,0.509875,0.5,7.624600887298584,0.5,0.5,"Sensitivity: 5.0, Resolution: 25x25",SB_5.0_25x25,3.162277660168379,10.0,31.6227766016838,12,2024-04-23 16:24:24.590399
15687,16321,3921,4079,0.6912667155265808,0.52525,0.5256734517507735,0.6342052221298218,0.8399,0.913314885,"Sensitivity: 5.0, Resolution: 25x25",SB_5.0_25x25,2.3694946507641665,2.553,1.0783366821174174,18,2024-04-23 16:25:58.050695
15687,16321,3921,4079,0.6910619139671326,0.528125,0.5289559508805903,0.6412161588668823,0.83885,0.907338755,"Sensitivity: 5.0, Resolution: 25x25",SB_5.0_25x25,2.3549481735273923,1.881,0.2972541000558277,19,2024-04-23 16:27:20.876313
15687,16321,3921,4079,0.6913904547691345,0.524125,0.5205226301084067,0.6304014921188354,0.873,0.94232984,"Sensitivity: 5.0, Resolution: 25x25",SB_5.0_25x25,2.662005334329742,4.45,5.540310460615001,16,2024-04-23 16:28:55.048525
15687,16321,3921,4079,0.6913920640945435,0.523625,0.5269585155059545,0.6487323641777039,0.8213,0.891997905,"Sensitivity: 5.0, Resolution: 25x25",SB_5.0_25x25,2.2154917287139666,1.982,0.8727886342064728,20,2024-04-23 16:29:43.791698
15687,16321,3921,4079,0.6898965239524841,0.527875,0.521787467223934,0.5812419652938843,0.86535,0.9061433400000002,"Sensitivity: 5.0, Resolution: 25x25",SB_5.0_25x25,2.565872093460623,4.488,5.480227185071802,22,2024-04-23 16:31:45.173276
15687,16321,3921,4079,7.775205612182617,0.509875,0.5,7.624600887298584,0.5,0.5,"Sensitivity: 5.0, Resolution: 25x25",SB_5.0_25x25,3.162277660168379,10.0,31.6227766016838,12,2024-04-23 16:32:54.460187
15687,16321,3921,4079,7.775205612182617,0.509875,0.5,7.624600887298584,0.5,0.5,"Sensitivity: 5.0, Resolution: 25x25",SB_5.0_25x25,3.162277660168379,10.0,31.6227766016838,12,2024-04-23 16:34:01.290277
15687,16321,3921,4079,0.6915144324302673,0.524125,0.5199299926927747,0.6175484657287598,0.86175,0.92746828,"Sensitivity: 5.0, Resolution: 25x25",SB_5.0_25x25,2.559863765906303,4.699,8.082781699390377,23,2024-04-23 16:36:10.714421
15687,16321,3921,4079,0.6916751861572266,0.523625,0.5228867397589272,0.6309818029403687,0.8505,0.9179709049999998,"Sensitivity: 5.0, Resolution: 25x25",SB_5.0_25x25,2.438748531521854,2.914,1.4230249470757708,23,2024-04-23 16:38:17.888301
15687,16321,3921,4079,0.6918529868125916,0.52375,0.5229963450118262,0.6579428911209106,0.813,0.879346595,"Sensitivity: 5.0, Resolution: 25x25",SB_5.0_25x25,2.183236496580249,2.217,1.198503233203816,24,2024-04-23 16:39:38.684138
15687,16321,3921,4079,0.6910417079925537,0.5235,0.5200760809263163,0.6132549047470093,0.8759,0.9428296300000002,"Sensitivity: 5.0, Resolution: 25x25",SB_5.0_25x25,2.672757078374314,5.22,8.3705489664657,22,2024-04-23 16:41:49.460404
15687,16321,3921,4079,0.6911787986755371,0.527625,0.5276854865701052,0.5678300857543945,0.8817,0.947427815,"Sensitivity: 5.0, Resolution: 25x25",SB_5.0_25x25,2.7214561543409075,5.496999999999999,7.870909096159097,31,2024-04-23 16:43:08.684132
15687,16321,3921,4079,0.6910011768341064,0.522625,0.5245357267169025,0.6026716232299805,0.847,0.920742,"Sensitivity: 5.0, Resolution: 25x25",SB_5.0_25x25,2.4169288156666924,4.488,7.96261514830398,28,2024-04-23 16:45:24.819137
15687,16321,3921,4079,0.6912493705749512,0.526875,0.5248600719818274,0.603675127029419,0.8659,0.93864583,"Sensitivity: 5.0, Resolution: 25x25",SB_5.0_25x25,2.6091952974049297,4.159999999999999,5.571933237216685,17,2024-04-23 16:46:10.916380
15687,16321,3921,4079,7.775204658508301,0.509875,0.5,7.624600887298584,0.5,0.5,"Sensitivity: 5.0, Resolution: 25x25",SB_5.0_25x25,3.162277660168379,10.0,31.6227766016838,12,2024-04-23 16:46:47.936530
15687,16321,3921,4079,7.775204658508301,0.509875,0.5,7.624600887298584,0.5,0.5,"Sensitivity: 5.0, Resolution: 25x25",SB_5.0_25x25,3.162277660168379,10.0,31.6227766016838,12,2024-04-23 16:47:49.725366
15687,16321,3921,4079,0.6915237307548523,0.523625,0.524958891777724,0.6359224319458008,0.81685,0.8828067049999999,"Sensitivity: 5.0, Resolution: 25x25",SB_5.0_25x25,2.1841851798783,2.157,1.8372833205578285,20,2024-04-23 16:48:43.685310
15687,16321,3921,4079,0.6912634968757629,0.523625,0.5245698337707853,0.5771681070327759,0.86095,0.92672116,"Sensitivity: 5.0, Resolution: 25x25",SB_5.0_25x25,2.5725128765469765,5.096,9.142144715546786,27,2024-04-23 16:50:08.241928
15687,16321,3921,4079,0.6910324692726135,0.523375,0.5245557032590025,0.5815013647079468,0.8765,0.943291455,"Sensitivity: 5.0, Resolution: 25x25",SB_5.0_25x25,2.688884694441173,5.401,8.873351114432474,24,2024-04-23 16:51:26.372678
15687,16321,3921,4079,0.6918264031410217,0.524875,0.5212046148750897,0.652654230594635,0.84805,0.921691665,"Sensitivity: 5.0, Resolution: 25x25",SB_5.0_25x25,2.473849813549723,3.467,4.0825004592773775,20,2024-04-23 16:52:34.969900
15687,16321,3921,4079,0.6927893161773682,0.52325,0.5236756412298071,0.6807827353477478,0.7578,0.8120588499999999,"Sensitivity: 5.0, Resolution: 25x25",SB_5.0_25x25,1.683596626273645,0.718,0.2150348808914498,16,2024-04-23 16:53:30.736816
15687,16321,3921,4079,0.6917186379432678,0.524125,0.5246890677795008,0.6445510983467102,0.78635,0.8517069700000001,"Sensitivity: 5.0, Resolution: 25x25",SB_5.0_25x25,1.8559407587528216,0.7679999999999999,0.3952847075210474,14,2024-04-23 16:54:07.538254
15687,16321,3921,4079,0.6913623213768005,0.5255,0.5253884030639702,0.6383636593818665,0.8394,0.9145861,"Sensitivity: 5.0, Resolution: 25x25",SB_5.0_25x25,2.359059134485611,3.403,2.96621644523794,32,2024-04-23 16:55:49.528977
15687,16321,3921,4079,0.691450297832489,0.523125,0.5188385982307224,0.6098951101303101,0.87265,0.93605286,"Sensitivity: 5.0, Resolution: 25x25",SB_5.0_25x25,2.65821060113754,5.096,6.14746777136733,26,2024-04-23 16:57:08.126448
15687,16321,3921,4079,0.6898051500320435,0.529,0.5166533708554693,0.5522193908691406,0.9099,0.96518236,"Sensitivity: 5.0, Resolution: 25x25",SB_5.0_25x25,2.8985437033103363,6.848999999999999,13.920346260061208,30,2024-04-23 16:59:15.001884
15687,16321,3921,4079,0.69232577085495,0.52075,0.5177462033784553,0.6804670691490173,0.66565,0.69111353,"Sensitivity: 5.0, Resolution: 25x25",SB_5.0_25x25,1.0071854347636289,0.129,0.0284604989415154,15,2024-04-23 17:00:14.556031
15687,16321,3921,4079,0.6909775137901306,0.5235,0.5225105305138085,0.5823706388473511,0.8761,0.944236305,"Sensitivity: 5.0, Resolution: 25x25",SB_5.0_25x25,2.6702272562461795,5.392,10.751744044572492,27,2024-04-23 17:02:09.452207
15687,16321,3921,4079,7.775205612182617,0.509875,0.5,7.624600887298584,0.5,0.5,"Sensitivity: 5.0, Resolution: 25x25",SB_5.0_25x25,3.162277660168379,10.0,31.6227766016838,12,2024-04-23 17:03:07.249217
15687,16321,3921,4079,0.692450761795044,0.520875,0.5188675470225605,0.6839094161987305,0.70205,0.73402803,"Sensitivity: 5.0, Resolution: 25x25",SB_5.0_25x25,1.266492202897436,0.273,0.0379473319220205,15,2024-04-23 17:04:19.615079
15687,16321,3921,4079,0.691324770450592,0.522625,0.5208197772643692,0.5970110893249512,0.88395,0.946488175,"Sensitivity: 5.0, Resolution: 25x25",SB_5.0_25x25,2.7382162259398,5.667999999999999,8.471741851591089,17,2024-04-23 17:05:22.316999
15687,16321,3921,4079,0.6929528713226318,0.509875,0.5,0.6933698654174805,0.5,0.5,"Sensitivity: 5.0, Resolution: 25x25",SB_5.0_25x25,3.162277660168379,10.0,31.6227766016838,21,2024-04-23 17:06:22.473559
15687,16321,3921,4079,0.6912326216697693,0.524125,0.5237622687699621,0.6373757719993591,0.85595,0.92507196,"Sensitivity: 5.0, Resolution: 25x25",SB_5.0_25x25,2.5263436227085183,4.622999999999999,8.759509118666411,26,2024-04-23 17:07:44.904060
15687,16321,3921,4079,0.6913831233978271,0.52375,0.5225539537015658,0.6281396746635437,0.86055,0.93170228,"Sensitivity: 5.0, Resolution: 25x25",SB_5.0_25x25,2.5333006335608887,3.673,4.13625917950024,25,2024-04-23 17:09:13.204969
15687,16321,3921,4079,0.6912568211555481,0.525,0.5254363592698876,0.5889384746551514,0.87565,0.945714195,"Sensitivity: 5.0, Resolution: 25x25",SB_5.0_25x25,2.6667487508199943,4.581,4.866745318999136,24,2024-04-23 17:10:01.059753
15687,16321,3921,4079,7.775205612182617,0.509875,0.5,7.624600887298584,0.5,0.5,"Sensitivity: 5.0, Resolution: 25x25",SB_5.0_25x25,3.162277660168379,10.0,31.6227766016838,12,2024-04-23 17:11:48.537340
15687,16321,3921,4079,0.6911202669143677,0.52625,0.5273543886712311,0.6366689205169678,0.84125,0.91192727,"Sensitivity: 5.0, Resolution: 25x25",SB_5.0_25x25,2.4055446160900864,2.265,1.075174404457249,18,2024-04-23 17:12:50.915352
15687,16321,3921,4079,0.6915329098701477,0.524,0.5271599690854414,0.6614993810653687,0.78995,0.85404257,"Sensitivity: 5.0, Resolution: 25x25",SB_5.0_25x25,1.9119130733378025,1.169,0.483828482005762,15,2024-04-23 17:13:41.779791
15687,16321,3921,4079,0.6903294920921326,0.52725,0.5194892895410016,0.5444236993789673,0.8972,0.944638415,"Sensitivity: 5.0, Resolution: 25x25",SB_5.0_25x25,2.81221352318774,6.484999999999999,12.17476899164826,28,2024-04-23 17:15:15.644367
15687,16321,3921,4079,0.6907935738563538,0.528625,0.5287552788559587,0.5583616495132446,0.8861,0.94655236,"Sensitivity: 5.0, Resolution: 25x25",SB_5.0_25x25,2.751497792112507,5.694999999999999,7.832961764237076,28,2024-04-23 17:16:45.953442
15687,16321,3921,4079,0.6912493109703064,0.52575,0.5212228407343139,0.6120374202728271,0.89075,0.956543065,"Sensitivity: 5.0, Resolution: 25x25",SB_5.0_25x25,2.768890319243433,5.406,8.882837947412977,17,2024-04-23 17:17:45.360932
15687,16321,3921,4079,0.690197229385376,0.526125,0.5202318604400629,0.5299916863441467,0.8992,0.94803159,"Sensitivity: 5.0, Resolution: 25x25",SB_5.0_25x25,2.836879288937053,6.186,9.7809248029008,29,2024-04-23 17:19:15.841096
15687,16321,3921,4079,0.6909558773040771,0.52675,0.5306256334111324,0.636695384979248,0.8423,0.91087039,"Sensitivity: 5.0, Resolution: 25x25",SB_5.0_25x25,2.436218709393719,3.694,4.484109722118762,29,2024-04-23 17:20:47.335713
15687,16321,3921,4079,0.6910328269004822,0.5245,0.5248281845437337,0.5960342288017273,0.8728,0.94140355,"Sensitivity: 5.0, Resolution: 25x25",SB_5.0_25x25,2.656313234541438,4.933,9.224363934711164,24,2024-04-23 17:21:49.388750
15687,16321,3921,4079,0.6909685134887695,0.5265,0.5279263930386846,0.5899385809898376,0.88715,0.9564498,"Sensitivity: 5.0, Resolution: 25x25",SB_5.0_25x25,2.75213024764454,5.387999999999999,7.700146102510004,21,2024-04-23 17:22:59.793236
15687,16321,3921,4079,0.690727710723877,0.52425,0.5219627543468675,0.602618932723999,0.8743,0.94348272,"Sensitivity: 5.0, Resolution: 25x25",SB_5.0_25x25,2.649356223689068,5.376999999999999,10.286889228527738,25,2024-04-23 17:24:22.866261
15687,16321,3921,4079,0.6909950971603394,0.528,0.5295372401197243,0.5936964750289917,0.8487,0.920770945,"Sensitivity: 5.0, Resolution: 25x25",SB_5.0_25x25,2.4599357918449822,4.52,7.564168163122764,34,2024-04-23 17:25:42.660664
15687,16321,3921,4079,0.6916912794113159,0.524,0.5256701379581874,0.6339075565338135,0.81325,0.8798096100000001,"Sensitivity: 5.0, Resolution: 75x75",SB_5.0_75x75,2.045361190596908,0.8160000000000001,0.1106797181058932,23,2024-04-23 19:32:51.902083
15687,16321,3921,4079,7.775205612182617,0.509875,0.5,7.624603271484375,0.5,0.5,"Sensitivity: 5.0, Resolution: 75x75",SB_5.0_75x75,3.162277660168379,10.0,31.6227766016838,12,2024-04-23 19:38:06.286749
15687,16321,3921,4079,0.6928250789642334,0.517375,0.5098570636208787,0.6947042346000671,0.50255,0.3776606,"Sensitivity: 5.0, Resolution: 75x75",SB_5.0_75x75,0.1005604295933544,0.038,0.0537587202228624,19,2024-04-23 19:42:22.475892
15687,16321,3921,4079,0.6916452050209045,0.52225,0.5256981801463934,0.6451736688613892,0.81705,0.8851522549999999,"Sensitivity: 5.0, Resolution: 75x75",SB_5.0_75x75,2.078565106028676,1.31,0.4237452064625628,32,2024-04-23 19:47:34.177073
15687,16321,3921,4079,0.6915497183799744,0.5235,0.527295772057088,0.6481316685676575,0.80935,0.8520701050000001,"Sensitivity: 5.0, Resolution: 75x75",SB_5.0_75x75,2.153194858808649,1.442,0.142302494707577,25,2024-04-23 19:52:39.597669
15687,16321,3921,4079,7.775205612182617,0.509875,0.5,7.624603271484375,0.5,0.5,"Sensitivity: 5.0, Resolution: 75x75",SB_5.0_75x75,3.162277660168379,10.0,31.6227766016838,12,2024-04-24 10:33:27.659305
15687,16321,3921,4079,7.775205612182617,0.509875,0.5,7.624603271484375,0.5,0.5,"Sensitivity: 5.0, Resolution: 75x75",SB_5.0_75x75,3.162277660168379,10.0,31.6227766016838,12,2024-04-24 10:39:40.427047
15687,16321,3921,4079,0.6936942934989929,0.523125,0.5200110555623603,0.660472571849823,0.70775,0.762508355,"Sensitivity: 5.0, Resolution: 75x75",SB_5.0_75x75,1.15106906830129,0.2149999999999999,0.0158113883008419,15,2024-04-24 10:42:23.204066
15687,16321,3921,4079,0.6922664642333984,0.52425,0.5238397364872135,0.6353725790977478,0.81185,0.87815193,"Sensitivity: 5.0, Resolution: 75x75",SB_5.0_75x75,2.065915995388002,0.718,0.0347850542618521,18,2024-04-24 10:44:20.960280
15687,16321,3921,4079,0.691650927066803,0.52725,0.5236392832979414,0.6404217481613159,0.83,0.8976859349999999,"Sensitivity: 5.0, Resolution: 75x75",SB_5.0_75x75,2.1784930800899964,0.818,0.1328156617270719,23,2024-04-24 10:47:38.101029
15687,16321,3921,4079,0.6922996640205383,0.526375,0.522269749094006,0.6273790597915649,0.82665,0.89434954,"Sensitivity: 5.0, Resolution: 75x75",SB_5.0_75x75,2.045361190596908,0.887,0.2340085468524601,25,2024-04-24 10:51:03.000300
15687,16321,3921,4079,0.6917670965194702,0.528125,0.5236957740828783,0.6247870326042175,0.85015,0.9198436,"Sensitivity: 5.0, Resolution: 75x75",SB_5.0_75x75,2.3508372125691728,1.773,0.68305197459637,27,2024-04-24 10:54:32.500545
15687,16321,3921,4079,0.6922383904457092,0.527375,0.5237956880555721,0.625016450881958,0.82045,0.8919431099999999,"Sensitivity: 5.0, Resolution: 75x75",SB_5.0_75x75,2.193355785092788,1.6209999999999998,0.4964775926464355,75,2024-04-24 11:03:16.446228
15687,16321,3921,4079,0.6918688416481018,0.526375,0.5242866608156345,0.6365367770195007,0.7993,0.8648581500000001,"Sensitivity: 5.0, Resolution: 75x75",SB_5.0_75x75,2.028917346764032,1.186,0.2023857702507763,98,2024-04-24 11:10:40.864042
15687,16321,3921,4079,0.6917344927787781,0.523875,0.5243928897515587,0.636640191078186,0.8119,0.881866275,"Sensitivity: 5.0, Resolution: 75x75",SB_5.0_75x75,1.9916024703740447,0.748,0.1011928851253881,23,2024-04-24 11:13:34.557022
15687,16321,3921,4079,0.6917111873626709,0.527375,0.5276505979613673,0.6273633241653442,0.81695,0.887154475,"Sensitivity: 5.0, Resolution: 75x75",SB_5.0_75x75,2.1218883099729826,0.924,0.1960612149304395,61,2024-04-24 11:20:19.043205
15687,16321,3921,4079,0.6915767192840576,0.524125,0.526813333876045,0.6574501395225525,0.77585,0.8285389749999998,"Sensitivity: 5.0, Resolution: 75x75",SB_5.0_75x75,1.7022540644686386,0.391,0.0569209978830308,30,2024-04-24 11:23:10.599877
15687,16321,3921,4079,0.691360592842102,0.525625,0.523592983988317,0.6165017485618591,0.8817,0.94661001,"Sensitivity: 5.0, Resolution: 75x75",SB_5.0_75x75,2.6585268289035566,3.119,2.7543438420066586,20,2024-04-24 11:25:25.862580
15687,16321,3921,4079,0.6918303966522217,0.52175,0.5227770094572515,0.649329423904419,0.7962,0.8652157450000001,"Sensitivity: 5.0, Resolution: 75x75",SB_5.0_75x75,1.8840850299283205,0.889,0.2593067681338071,15,2024-04-24 11:27:09.263004
15687,16321,3921,4079,0.6919959187507629,0.52325,0.5257547334557187,0.6254769563674927,0.8366,0.904421905,"Sensitivity: 5.0, Resolution: 75x75",SB_5.0_75x75,2.259447388190307,1.958,0.8221921916437787,21,2024-04-24 11:29:24.179221
15687,16321,3921,4079,0.6916027069091797,0.526875,0.5227001357216899,0.6296984553337097,0.86295,0.92792576,"Sensitivity: 5.0, Resolution: 75x75",SB_5.0_75x75,2.4963019849369186,1.917,0.1865743819499344,25,2024-04-24 11:32:48.355697
15687,16321,3921,4079,0.6918103098869324,0.5285,0.5274556469182761,0.624982476234436,0.8335,0.903640745,"Sensitivity: 5.0, Resolution: 75x75",SB_5.0_75x75,2.2547039717000543,1.471,0.1928989372702711,47,2024-04-24 11:37:55.221215
15687,16321,3921,4079,0.6920092701911926,0.527375,0.5211621295531588,0.624860405921936,0.8444,0.917320255,"Sensitivity: 5.0, Resolution: 75x75",SB_5.0_75x75,2.358742906719594,2.148,1.274397897047857,25,2024-04-24 11:40:41.794739
15687,16321,3921,4079,0.6922447681427002,0.525,0.520610226776582,0.6217249035835266,0.8151,0.889159785,"Sensitivity: 5.0, Resolution: 75x75",SB_5.0_75x75,2.181339129984148,2.965,2.261028527020392,28,2024-04-24 11:43:50.978525
15687,16321,3921,4079,0.6911971569061279,0.527,0.5236594161510124,0.6146854758262634,0.86885,0.938420685,"Sensitivity: 5.0, Resolution: 75x75",SB_5.0_75x75,2.5959137312322222,3.982,3.699864862397004,21,2024-04-24 11:46:05.572448
15687,16321,3921,4079,0.6916586756706238,0.523375,0.5231743206834616,0.6454100608825684,0.81925,0.8858656899999999,"Sensitivity: 5.0, Resolution: 75x75",SB_5.0_75x75,2.195253151688889,1.5659999999999998,0.6545914756548545,29,2024-04-24 11:48:24.623575
15687,16321,3921,4079,0.6913818120956421,0.525125,0.5267217356470109,0.6462538242340088,0.83,0.894351445,"Sensitivity: 5.0, Resolution: 75x75",SB_5.0_75x75,2.2385763556331955,1.663,0.708350195877717,25,2024-04-24 11:51:05.004858
15687,16321,3921,4079,0.6917141079902649,0.52625,0.522764567103956,0.635251522064209,0.8417,0.912619835,"Sensitivity: 5.0, Resolution: 75x75",SB_5.0_75x75,2.286959203833772,1.949,1.2902092853486988,21,2024-04-24 11:53:24.723231
15687,16321,3921,4079,0.6926203370094299,0.521375,0.520674939518596,0.6430909633636475,0.83075,0.90073113,"Sensitivity: 5.0, Resolution: 75x75",SB_5.0_75x75,2.294548670218176,2.522,0.8032185256827684,16,2024-04-24 11:55:07.611988
15687,16321,3921,4079,0.6914692521095276,0.5265,0.5239028548573228,0.6207801699638367,0.86835,0.93904207,"Sensitivity: 5.0, Resolution: 75x75",SB_5.0_75x75,2.5801023429313803,3.489,3.1622776601683795,19,2024-04-24 11:57:22.295921
15687,16321,3921,4079,0.6916699409484863,0.521625,0.5273004926484137,0.6523286700248718,0.7778,0.82801749,"Sensitivity: 5.0, Resolution: 75x75",SB_5.0_75x75,1.6798018930814431,0.2189999999999999,0.0474341649025256,16,2024-04-24 12:01:38.470554
15687,16321,3921,4079,0.6923555135726929,0.522625,0.5176228427601042,0.6126641035079956,0.87355,0.942731465,"Sensitivity: 5.0, Resolution: 75x75",SB_5.0_75x75,2.626587824535856,4.036,3.829518246463908,21,2024-04-24 12:04:04.285013
15687,16321,3921,4079,0.6916407942771912,0.52425,0.5219688817369325,0.6354817748069763,0.84765,0.9143705,"Sensitivity: 5.0, Resolution: 75x75",SB_5.0_75x75,2.273045182129031,1.1849999999999998,0.4616925383845834,20,2024-04-24 12:06:24.516785
15687,16321,3921,4079,0.6912451982498169,0.52525,0.5214761270318004,0.609236478805542,0.89145,0.95708017,"Sensitivity: 5.0, Resolution: 75x75",SB_5.0_75x75,2.7625657639230963,4.634,5.530823627634496,22,2024-04-24 12:38:53.305221
15687,16321,3921,4079,0.6923279762268066,0.52175,0.5160707373419845,0.6006163358688354,0.82845,0.8938922300000001,"Sensitivity: 5.0, Resolution: 75x75",SB_5.0_75x75,2.3660161453379813,4.267,4.714955991311054,26,2024-04-24 12:45:04.409678
15687,16321,3921,4079,0.6921830773353577,0.52275,0.5172197480279651,0.6669288873672485,0.77255,0.8372657899999999,"Sensitivity: 5.0, Resolution: 75x75",SB_5.0_75x75,1.756012784691501,0.608,0.0442718872423573,21,2024-04-24 12:47:46.342853
15687,16321,3921,4079,0.6914619207382202,0.526,0.5215918284125702,0.6277773380279541,0.83765,0.90516472,"Sensitivity: 5.0, Resolution: 75x75",SB_5.0_75x75,2.3789814837446714,2.848,0.5881836447913186,24,2024-04-24 12:50:59.392542
15687,16321,3921,4079,0.6915789842605591,0.5235,0.5149750912215196,0.5867758393287659,0.89775,0.958311025,"Sensitivity: 5.0, Resolution: 75x75",SB_5.0_75x75,2.8223328117002784,6.252999999999999,9.7208415273576,36,2024-04-24 12:56:04.823112
15687,16321,3921,4079,0.6925655007362366,0.519625,0.5149956617453095,0.6922687292098999,0.5648,0.5504942949999999,"Sensitivity: 5.0, Resolution: 75x75",SB_5.0_75x75,0.3494316814486059,0.036,0.0031622776601683,17,2024-04-24 12:58:25.486847
15687,16321,3921,4079,0.6922506093978882,0.519,0.5148924027178351,0.6191009283065796,0.8259,0.881652905,"Sensitivity: 5.0, Resolution: 75x75",SB_5.0_75x75,2.345461340546887,3.764,3.655592975154647,24,2024-04-24 13:01:49.506725
15687,16321,3921,4079,0.6920258402824402,0.519,0.521090132719894,0.6656734347343445,0.74365,0.801629465,"Sensitivity: 5.0, Resolution: 75x75",SB_5.0_75x75,1.5922068018947788,0.596,0.1233288287465668,18,2024-04-24 13:04:23.236042
15687,16321,3921,4079,0.6922760605812073,0.522625,0.5214502106728005,0.6262655854225159,0.81875,0.895227835,"Sensitivity: 5.0, Resolution: 75x75",SB_5.0_75x75,2.219602689672185,2.95,1.549516053482506,23,2024-04-24 13:07:23.385296
15687,16321,3921,4079,7.775205612182617,0.509875,0.5,7.624603271484375,0.5,0.5,"Sensitivity: 5.0, Resolution: 75x75",SB_5.0_75x75,3.162277660168379,10.0,31.6227766016838,12,2024-04-24 13:13:34.274787
15687,16321,3921,4079,0.6921219825744629,0.5225,0.5265656435113222,0.6469363570213318,0.77075,0.828634425,"Sensitivity: 5.0, Resolution: 75x75",SB_5.0_75x75,1.481527083788886,0.2029999999999999,0.0094868329805051,12,2024-04-24 13:15:53.783373
15687,16321,3921,4079,7.775205612182617,0.509875,0.5,7.624603271484375,0.5,0.5,"Sensitivity: 5.0, Resolution: 75x75",SB_5.0_75x75,3.162277660168379,10.0,31.6227766016838,12,2024-04-24 13:17:46.840491
15687,16321,3921,4079,0.6921266317367554,0.521,0.5226451455220753,0.6702021360397339,0.7681,0.8362961750000001,"Sensitivity: 5.0, Resolution: 75x75",SB_5.0_75x75,1.842026737048081,1.6819999999999995,0.5692099788303083,15,2024-04-24 13:20:23.086132
15687,16321,3921,4079,0.69158536195755,0.523125,0.5217889990714503,0.5923880338668823,0.884,0.950960735,"Sensitivity: 5.0, Resolution: 75x75",SB_5.0_75x75,2.741694731365985,5.343999999999999,9.471021592204297,26,2024-04-24 13:33:41.809126
15687,16321,3921,4079,0.6918683648109436,0.527125,0.521413884003129,0.5919620990753174,0.8648,0.933560575,"Sensitivity: 5.0, Resolution: 75x75",SB_5.0_75x75,2.609511525170946,5.004,6.906414409807741,23,2024-04-24 13:45:12.543649
15687,16321,3921,4079,0.6918955445289612,0.52475,0.5168454145144991,0.5961974859237671,0.8907,0.960873105,"Sensitivity: 5.0, Resolution: 75x75",SB_5.0_75x75,2.774266191265719,6.101999999999999,10.533546886020872,18,2024-04-24 13:54:15.916794
15687,16321,3921,4079,7.775205612182617,0.509875,0.5,7.624603271484375,0.5,0.5,"Sensitivity: 5.0, Resolution: 75x75",SB_5.0_75x75,3.162277660168379,10.0,31.6227766016838,12,2024-04-24 14:00:16.587810
15687,16321,3921,4079,0.691963791847229,0.524,0.5159906123382252,0.599419116973877,0.8772,0.947402635,"Sensitivity: 5.0, Resolution: 75x75",SB_5.0_75x75,2.6857224167810045,4.677,7.8993695951006115,19,2024-04-24 14:09:49.189364
15687,16321,3921,4079,0.6919689178466797,0.523875,0.5136506683638287,0.5916043519973755,0.89215,0.95909165,"Sensitivity: 5.0, Resolution: 75x75",SB_5.0_75x75,2.79418854052478,5.732,7.017094127913634,18,2024-04-24 14:18:48.606248
15687,16321,3921,4079,0.692644476890564,0.51925,0.5143430321789894,0.6761860251426697,0.66875,0.7221811600000001,"Sensitivity: 5.0, Resolution: 75x75",SB_5.0_75x75,0.9471021592204296,0.3419999999999999,0.1233288287465668,18,2024-04-24 14:27:50.203526
15687,16321,3921,4079,0.691929817199707,0.524125,0.5168476653924821,0.5572457313537598,0.91365,0.972643885,"Sensitivity: 5.0, Resolution: 75x75",SB_5.0_75x75,2.9257392911877846,7.043,11.384199576606166,24,2024-04-24 14:39:44.618439
15687,16321,3921,4079,0.6927486658096313,0.525375,0.5198836308587618,0.6444317102432251,0.81235,0.8788338550000001,"Sensitivity: 5.0, Resolution: 75x75",SB_5.0_75x75,1.923929728446442,0.5319999999999999,0.0600832755431992,18,2024-04-24 14:55:57.310252
15687,16321,3921,4079,0.6930732131004333,0.523375,0.5152847745173601,0.669203519821167,0.69255,0.73607438,"Sensitivity: 5.0, Resolution: 75x75",SB_5.0_75x75,0.7804501265295559,0.071,0.0094868329805051,16,2024-04-24 15:14:58.713231
15687,16321,3921,4079,7.775205612182617,0.509875,0.5,7.624603271484375,0.5,0.5,"Sensitivity: 5.0, Resolution: 75x75",SB_5.0_75x75,3.162277660168379,10.0,31.6227766016838,12,2024-04-24 15:21:20.542736
15687,16321,3921,4079,0.6929519176483154,0.509875,0.5,0.693345844745636,0.5,0.5,"Sensitivity: 5.0, Resolution: 75x75",SB_5.0_75x75,3.162277660168379,10.0,31.6227766016838,55,2024-04-24 15:49:15.105715
15687,16321,3921,4079,0.6918977499008179,0.521875,0.5219248958296796,0.6630571484565735,0.7673,0.82450543,"Sensitivity: 5.0, Resolution: 75x75",SB_5.0_75x75,1.7054163421288069,0.5029999999999999,0.0695701085237043,16,2024-04-24 15:57:21.660586
15687,16321,3921,4079,0.691879391670227,0.5225,0.5237929057202875,0.6521202325820923,0.80975,0.877344855,"Sensitivity: 5.0, Resolution: 75x75",SB_5.0_75x75,2.021327880379628,0.985,0.3257145989973431,16,2024-04-24 16:04:12.420016
15687,16321,3921,4079,0.692986249923706,0.51525,0.5030093926012015,0.7019660472869873,0.5,0.281184245,"Sensitivity: 5.0, Resolution: 75x75",SB_5.0_75x75,0.0784244859721758,0.0139999999999999,0.0,22,2024-04-24 16:16:55.860378
15687,16321,3921,4079,0.6921119093894958,0.5225,0.51793093168404,0.6441701650619507,0.8248,0.8937113600000002,"Sensitivity: 5.0, Resolution: 75x75",SB_5.0_75x75,2.15509222540475,1.081,0.5660477011701399,16,2024-04-24 16:25:00.441245
15687,16321,3921,4079,0.6920994520187378,0.52075,0.5150640321640461,0.6108258962631226,0.86475,0.94073487,"Sensitivity: 5.0, Resolution: 75x75",SB_5.0_75x75,2.6057167919787445,5.757,9.508968924126318,24,2024-04-24 16:37:09.939370
15687,16321,3921,4079,0.6918091773986816,0.523125,0.5191852959645071,0.6183468103408813,0.8726,0.944115235,"Sensitivity: 5.0, Resolution: 75x75",SB_5.0_75x75,2.639869390708563,4.951,9.847332633764337,18,2024-04-24 16:46:10.465081
15687,16321,3921,4079,0.691822350025177,0.523125,0.5161337306633169,0.6217072606086731,0.87065,0.94650697,"Sensitivity: 5.0, Resolution: 75x75",SB_5.0_75x75,2.62816896336594,5.261,9.515293479446656,19,2024-04-24 16:55:43.848739
15687,16321,3921,4079,0.6919831037521362,0.52225,0.5238497091271663,0.6582035422325134,0.78725,0.83746883,"Sensitivity: 5.0, Resolution: 75x75",SB_5.0_75x75,1.8730170581177312,0.1369999999999999,0.0284604989415154,15,2024-04-24 17:03:27.385456
15687,16321,3921,4079,0.6914305090904236,0.52325,0.5306984117992525,0.6511635184288025,0.7954,0.8629671950000001,"Sensitivity: 5.0, Resolution: 75x75",SB_5.0_75x75,1.9542875939840585,0.761,0.1075174404457249,17,2024-04-24 17:04:57.672869
15687,16321,3921,4079,0.6919206976890564,0.5185,0.5206012857890381,0.6245307326316833,0.8577,0.9311642,"Sensitivity: 5.0, Resolution: 75x75",SB_5.0_75x75,2.551325616223848,4.481,7.260589507746599,25,2024-04-24 17:14:00.135505
15687,16321,3921,4079,0.6913771033287048,0.527875,0.5217882487787893,0.6109858155250549,0.875,0.947420185,"Sensitivity: 5.0, Resolution: 75x75",SB_5.0_75x75,2.6607404232656746,4.425999999999999,5.736371675545441,23,2024-04-24 17:27:06.136725
15687,16321,3921,4079,0.6915271878242493,0.5235,0.5250154450870492,0.6520267724990845,0.8284,0.8968986700000001,"Sensitivity: 5.0, Resolution: 75x75",SB_5.0_75x75,2.2420548610593807,1.519,0.3193900436770063,16,2024-04-24 17:35:18.168081
15687,16321,3921,4079,0.6919812560081482,0.526375,0.5252573519458434,0.6513717174530029,0.77835,0.8092683199999999,"Sensitivity: 5.0, Resolution: 75x75",SB_5.0_75x75,1.8252666654491887,0.362,0.0221359436211786,18,2024-04-24 17:38:52.339555
15687,16321,3921,4079,0.6929640769958496,0.516125,0.5122503408985968,0.6956428289413452,0.51115,0.4992082949999999,"Sensitivity: 5.0, Resolution: 75x75",SB_5.0_75x75,0.2049155923789109,0.0559999999999999,0.0094868329805051,28,2024-04-24 17:52:48.588313
15687,16321,3921,4079,0.6919487118721008,0.527125,0.5244593219142542,0.6401776075363159,0.7742,0.844156495,"Sensitivity: 5.0, Resolution: 75x75",SB_5.0_75x75,1.8752306524798488,1.753,1.2174768991648262,40,2024-04-24 18:12:48.182466
15687,16321,3921,4079,0.6915788650512695,0.522625,0.5264078319549519,0.6531103253364563,0.80065,0.869260165,"Sensitivity: 5.0, Resolution: 75x75",SB_5.0_75x75,1.883768802162304,0.6279999999999999,0.1043551627855565,16,2024-04-24 18:14:14.198886
15687,16321,3921,4079,0.6927968263626099,0.51975,0.5054074217324396,0.6894850134849548,0.5828,0.5985297099999999,"Sensitivity: 5.0, Resolution: 75x75",SB_5.0_75x75,0.5881836447913186,0.0679999999999999,0.0031622776601683,21,2024-04-24 18:17:33.127438
15687,16321,3921,4079,7.7752156257629395,0.509875,0.4998724815098189,7.623967170715332,0.50005,0.50005,"Sensitivity: 5.0, Resolution: 75x75",SB_5.0_75x75,3.162277660168379,10.0,31.6227766016838,13,2024-04-24 18:24:13.591471
15687,16321,3921,4079,0.6918203830718994,0.525,0.5196994027482844,0.6317353844642639,0.8524,0.926346375,"Sensitivity: 5.0, Resolution: 75x75",SB_5.0_75x75,2.516224334195979,3.656,2.871348115432889,24,2024-04-24 18:36:23.425879
15687,16321,3921,4079,0.691926896572113,0.521125,0.5212817699703991,0.6628933548927307,0.78765,0.85213442,"Sensitivity: 5.0, Resolution: 75x75",SB_5.0_75x75,1.8891446741845896,1.1809999999999998,0.183412104289766,16,2024-04-24 18:38:36.802075
15687,16321,3921,4079,0.6915255188941956,0.524625,0.5190619353461559,0.6219981908798218,0.88735,0.957020695,"Sensitivity: 5.0, Resolution: 75x75",SB_5.0_75x75,2.759719714028945,5.432,9.597512698611032,18,2024-04-24 18:47:10.348238
15687,16321,3921,4079,0.6918612122535706,0.5205,0.524308669400358,0.6761573553085327,0.71015,0.74537686,"Sensitivity: 5.0, Resolution: 75x75",SB_5.0_75x75,0.9856819466744836,0.0659999999999999,0.0126491106406735,13,2024-04-24 18:49:39.569213
15687,16321,3921,4079,0.6923316717147827,0.520125,0.517477129672893,0.6518715023994446,0.7798,0.84893814,"Sensitivity: 5.0, Resolution: 75x75",SB_5.0_75x75,2.0033028977166683,2.338,0.9012491331479882,24,2024-04-24 18:53:08.471404
15687,16321,3921,4079,0.691373348236084,0.524625,0.5236266533714807,0.6202567219734192,0.88795,0.95621435,"Sensitivity: 5.0, Resolution: 75x75",SB_5.0_75x75,2.758454802964877,5.515999999999999,7.583141829083774,17,2024-04-24 19:01:34.785044
15687,16321,3921,4079,0.6911687254905701,0.5265,0.523608802658587,0.5713437795639038,0.88745,0.9506794500000002,"Sensitivity: 5.0, Resolution: 75x75",SB_5.0_75x75,2.760984625093012,6.077999999999999,9.610161809251704,23,2024-04-24 19:03:49.582412
15687,16321,3921,4079,0.6919904351234436,0.521625,0.5185522365317623,0.6126556396484375,0.85945,0.93138216,"Sensitivity: 5.0, Resolution: 75x75",SB_5.0_75x75,2.547847110797663,4.298,3.5544000900292585,22,2024-04-24 19:05:55.247657
15687,16321,3921,4079,0.6915505528450012,0.52475,0.5222841297033425,0.6243946552276611,0.85755,0.928026365,"Sensitivity: 5.0, Resolution: 75x75",SB_5.0_75x75,2.532668178028855,3.822,3.165439937828548,19,2024-04-24 19:07:49.720910
15687,16321,3921,4079,0.6916486024856567,0.521125,0.5206548691899133,0.6083548665046692,0.84125,0.90918031,"Sensitivity: 5.0, Resolution: 75x75",SB_5.0_75x75,2.451397642162528,4.696,6.270796600113897,23,2024-04-24 19:10:07.296636
15687,16321,3921,4079,0.692346453666687,0.51925,0.5195708526056945,0.6830950379371643,0.66765,0.697353995,"Sensitivity: 5.0, Resolution: 75x75",SB_5.0_75x75,0.6707190917217133,0.019,0.0031622776601683,12,2024-04-24 19:11:27.939699
15687,16321,3921,4079,0.6920046806335449,0.520375,0.5242459574387734,0.6653342843055725,0.75375,0.801518175,"Sensitivity: 5.0, Resolution: 75x75",SB_5.0_75x75,1.3664201769587567,0.092,0.0094868329805051,16,2024-04-24 19:13:34.322688
15687,16321,3921,4079,0.6919677257537842,0.521,0.5190860384978916,0.5830331444740295,0.88565,0.953314335,"Sensitivity: 5.0, Resolution: 75x75",SB_5.0_75x75,2.745805692324204,5.874,9.67973191777541,24,2024-04-24 19:25:43.211473
15687,16321,3921,4079,0.6918860077857971,0.522875,0.5215890148150912,0.6243404746055603,0.82975,0.90252065,"Sensitivity: 5.0, Resolution: 75x75",SB_5.0_75x75,2.3233253969257084,3.1169999999999995,3.937035686909633,23,2024-04-24 19:37:21.406985
15687,16321,3921,4079,0.6919696927070618,0.5225,0.5175131749828167,0.6496049761772156,0.8625,0.93444244,"Sensitivity: 5.0, Resolution: 75x75",SB_5.0_75x75,2.601289603254509,4.755,8.765833673986748,18,2024-04-24 19:46:32.986476
15687,16321,3921,4079,0.6927240490913391,0.51825,0.5092020581277985,0.686122477054596,0.6363,0.660110705,"Sensitivity: 5.0, Resolution: 75x75",SB_5.0_75x75,0.6710353194877301,0.079,0.0031622776601683,25,2024-04-24 19:59:13.458646
15687,16321,3921,4079,0.6907790303230286,0.525125,0.5181026549168335,0.5911850333213806,0.8801,0.939444995,"Sensitivity: 5.0, Resolution: 75x75",SB_5.0_75x75,2.708807043700234,6.356,11.105919142511349,26,2024-04-24 20:12:24.958654
15687,16321,3921,4079,0.6925391554832458,0.518375,0.5172583255756198,0.6871955394744873,0.61675,0.6128281299999999,"Sensitivity: 5.0, Resolution: 75x75",SB_5.0_75x75,0.3190738159109895,0.016,0.0063245553203367,12,2024-04-24 20:18:28.789035
15687,16321,3921,4079,0.6920996308326721,0.523375,0.5235666299585982,0.6824227571487427,0.65845,0.671889055,"Sensitivity: 5.0, Resolution: 75x75",SB_5.0_75x75,0.4575815774263644,0.027,0.0063245553203367,12,2024-04-24 20:26:17.390218
15687,16321,3921,4079,7.775205612182617,0.509875,0.5,7.624603271484375,0.5,0.5,"Sensitivity: 5.0, Resolution: 75x75",SB_5.0_75x75,3.162277660168379,10.0,31.6227766016838,12,2024-04-24 20:32:14.405563
15687,16321,3921,4079,0.6917137503623962,0.523625,0.518186093713179,0.5854187607765198,0.88535,0.9553762,"Sensitivity: 5.0, Resolution: 75x75",SB_5.0_75x75,2.743592097962086,5.744,8.11756675365223,18,2024-04-24 20:41:32.827394
15687,16321,3921,4079,0.6917836666107178,0.523875,0.5203036697001624,0.6442785859107971,0.85185,0.922930205,"Sensitivity: 5.0, Resolution: 75x75",SB_5.0_75x75,2.4608844751430325,3.133,3.421584428302187,19,2024-04-24 20:51:24.977425
15687,16321,3921,4079,0.6915766596794128,0.52225,0.5214862559827242,0.5632582306861877,0.91685,0.973774935,"Sensitivity: 5.0, Resolution: 75x75",SB_5.0_75x75,2.942499362786677,7.122,13.041233070534396,18,2024-04-24 21:00:46.469188
15687,16321,3921,4079,0.6919295191764832,0.524875,0.5185676175313132,0.6408818960189819,0.8344,0.910637315,"Sensitivity: 5.0, Resolution: 75x75",SB_5.0_75x75,2.29612980904826,3.64,5.954568834097058,15,2024-04-24 21:08:39.369779
15687,16321,3921,4079,0.6915921568870544,0.521625,0.5192039907566446,0.6101345419883728,0.86815,0.94091399,"Sensitivity: 5.0, Resolution: 75x75",SB_5.0_75x75,2.633861063154243,5.642,11.02686220100714,14,2024-04-24 21:15:54.927620
15687,16321,3921,4079,0.6928520798683167,0.51525,0.5095775796046446,0.6901310086250305,0.57515,0.577062015,"Sensitivity: 5.0, Resolution: 75x75",SB_5.0_75x75,0.4294373062508659,0.091,0.0063245553203367,17,2024-04-24 21:24:44.306768
15687,16321,3921,4079,0.6912729740142822,0.523125,0.5195593481182254,0.593635082244873,0.89035,0.95870254,"Sensitivity: 5.0, Resolution: 75x75",SB_5.0_75x75,2.785017935310292,5.684,6.994958184292456,16,2024-04-24 21:32:59.816111
15687,16321,3921,4079,0.6916372776031494,0.5255,0.5180538546316723,0.6114804148674011,0.8937,0.96083217,"Sensitivity: 5.0, Resolution: 75x75",SB_5.0_75x75,2.792607401694696,5.669999999999999,10.002284239112583,14,2024-04-24 21:40:14.908519
15687,16321,3921,4079,0.6918538808822632,0.526375,0.520017745671921,0.6136624813079834,0.8868,0.95271587,"Sensitivity: 5.0, Resolution: 75x75",SB_5.0_75x75,2.725250887533109,4.547,6.119007272425814,14,2024-04-24 21:47:31.206065
15687,16321,3921,4079,7.775205612182617,0.509875,0.5,7.624603271484375,0.5,0.5,"Sensitivity: 5.0, Resolution: 75x75",SB_5.0_75x75,3.162277660168379,10.0,31.6227766016838,12,2024-04-24 21:53:41.878856
15687,16321,3921,4079,0.6917402744293213,0.52225,0.5174227959793567,0.5729541182518005,0.90585,0.96385108,"Sensitivity: 5.0, Resolution: 75x75",SB_5.0_75x75,2.877040215221192,6.816,13.366947669531742,17,2024-04-24 21:57:41.325799
15687,16321,3921,4079,0.6923516392707825,0.523875,0.5134194219132601,0.6167421340942383,0.8542,0.925886475,"Sensitivity: 5.0, Resolution: 75x75",SB_5.0_75x75,2.5291896726026697,5.108,10.394406668973463,15,2024-04-24 22:01:08.738781
15687,16321,3921,4079,0.6920012831687927,0.523375,0.5203492499793201,0.5443007349967957,0.90565,0.96655221,"Sensitivity: 5.0, Resolution: 75x75",SB_5.0_75x75,2.876091531923141,6.605,12.247501377832132,21,2024-04-24 22:05:52.490857
15687,16321,3921,4079,0.6919015049934387,0.521875,0.5211880771743528,0.6352306008338928,0.785,0.86168385,"Sensitivity: 5.0, Resolution: 75x75",SB_5.0_75x75,1.905904745783482,2.204,1.166880456602132,18,2024-04-24 22:09:59.494107
15687,16321,3921,4079,0.6920854449272156,0.52575,0.5260491920629791,0.6724427342414856,0.78835,0.85119235,"Sensitivity: 5.0, Resolution: 75x75",SB_5.0_75x75,1.644700611053574,0.419,0.0600832755431992,12,2024-04-24 22:12:45.812346
15687,16321,3921,4079,0.6918843388557434,0.525125,0.5202061941786168,0.6410115361213684,0.84685,0.914384605,"Sensitivity: 5.0, Resolution: 75x75",SB_5.0_75x75,2.35115344033519,1.774,1.3060206736495408,14,2024-04-24 22:16:03.196630
15687,16321,3921,4079,0.6915643811225891,0.522,0.5194343931279695,0.6056663990020752,0.8751,0.944454325,"Sensitivity: 5.0, Resolution: 75x75",SB_5.0_75x75,2.6759193560344823,5.174999999999999,7.659036492927815,19,2024-04-24 22:20:22.954144
15687,16321,3921,4079,0.6912532448768616,0.524,0.5264638850691699,0.6291005611419678,0.8428,0.916940655,"Sensitivity: 5.0, Resolution: 75x75",SB_5.0_75x75,2.408390665984238,4.449,5.913459224514869,18,2024-04-24 22:24:26.149187
15687,16321,3921,4079,0.6917213201522827,0.522375,0.5171941442909075,0.5764742493629456,0.89705,0.96040412,"Sensitivity: 5.0, Resolution: 75x75",SB_5.0_75x75,2.8248626338284133,6.260999999999999,12.737654415158232,18,2024-04-24 22:28:37.044808
15687,16321,3921,4079,0.6923336386680603,0.522625,0.5194572457919366,0.6130304932594299,0.8272,0.902023335,"Sensitivity: 5.0, Resolution: 75x75",SB_5.0_75x75,2.2562851105301385,3.641,3.225523213371747,17,2024-04-24 22:32:33.853057
15687,16321,3921,4079,0.6923254132270813,0.52275,0.5156321600194176,0.643945574760437,0.71605,0.774957575,"Sensitivity: 5.0, Resolution: 75x75",SB_5.0_75x75,1.6576659494602644,3.638,6.463695537384168,22,2024-04-24 22:37:38.821962
15687,16321,3921,4079,0.6917954683303833,0.52525,0.5214483974655364,0.6524994373321533,0.85065,0.921336665,"Sensitivity: 5.0, Resolution: 75x75",SB_5.0_75x75,2.452662553226595,3.449,3.1211680505861903,13,2024-04-24 22:40:44.811725
15687,16321,3921,4079,0.6924287676811218,0.521625,0.5181120023129022,0.6448376178741455,0.7759,0.8422047100000001,"Sensitivity: 5.0, Resolution: 75x75",SB_5.0_75x75,1.7847895113990333,2.294,2.883997226073562,16,2024-04-24 22:44:32.646232
15687,16321,3921,4079,0.6919112205505371,0.525875,0.5229114368923528,0.631126880645752,0.8494,0.922809825,"Sensitivity: 5.0, Resolution: 75x75",SB_5.0_75x75,2.48017436887006,3.959,4.958451371144019,16,2024-04-24 22:46:07.791183
15687,16321,3921,4079,0.6922469735145569,0.5245,0.5158209524102495,0.5809623599052429,0.91575,0.971785725,"Sensitivity: 5.0, Resolution: 75x75",SB_5.0_75x75,2.9333287575721885,6.616999999999999,12.690220250255706,17,2024-04-24 22:50:05.541796
15687,16321,3921,4079,0.6916199922561646,0.525,0.5250585556528644,0.6004942655563354,0.862,0.93365024,"Sensitivity: 5.0, Resolution: 75x75",SB_5.0_75x75,2.567453232290707,4.117999999999999,3.3962862070208395,18,2024-04-24 22:54:14.436085
15687,16321,3921,4079,0.6915081739425659,0.52425,0.5198204499642642,0.6117028594017029,0.88925,0.95443835,"Sensitivity: 5.0, Resolution: 75x75",SB_5.0_75x75,2.7341052649815807,4.864,6.840006578944204,14,2024-04-24 22:57:32.154793
15687,16321,3921,4079,0.691993236541748,0.52525,0.518409055682282,0.6201425790786743,0.8673,0.939779515,"Sensitivity: 5.0, Resolution: 75x75",SB_5.0_75x75,2.587375581549768,4.452,7.519896275880407,15,2024-04-24 23:01:02.495887
15687,16321,3921,4079,0.6918644309043884,0.522625,0.5152820234442697,0.5980890393257141,0.91565,0.9743102,"Sensitivity: 5.0, Resolution: 75x75",SB_5.0_75x75,2.940601996190576,6.713,11.501203850032397,16,2024-04-24 23:04:47.355412
15687,16321,3921,4079,0.6917576193809509,0.52375,0.5219883268217309,0.632314920425415,0.86025,0.927603155,"Sensitivity: 5.0, Resolution: 75x75",SB_5.0_75x75,2.579469887399347,4.191,4.316509006129839,18,2024-04-24 23:09:05.121890
15687,16321,3921,4079,0.6918467879295349,0.52925,0.5260505363373301,0.6651981472969055,0.8072,0.86684509,"Sensitivity: 5.0, Resolution: 75x75",SB_5.0_75x75,1.7205952748976152,0.134,0.0094868329805051,14,2024-04-24 23:10:22.826497
15687,16321,3921,4079,0.6917688846588135,0.524125,0.521904981811968,0.5828626155853271,0.87995,0.95381431,"Sensitivity: 5.0, Resolution: 75x75",SB_5.0_75x75,2.7176614211487053,6.201999999999999,9.36982870707891,18,2024-04-24 23:14:35.668970
15687,16321,3921,4079,7.560153007507324,0.509875,0.5,7.712480545043945,0.5,0.5,"Sensitivity: 5.0, Resolution: 75x75",SB_5.0_75x75,3.162277660168379,10.0,31.6227766016838,12,2024-04-24 23:17:23.395124
15687,16321,3921,4079,0.6912804841995239,0.52275,0.5218621526059009,0.6053267121315002,0.8625,0.930900845,"Sensitivity: 5.0, Resolution: 75x75",SB_5.0_75x75,2.6038194253826434,5.972,9.670245084794905,19,2024-04-24 23:21:46.921820
15687,16321,3921,4079,0.6911782622337341,0.524875,0.5214479910570117,0.5893202424049377,0.8771,0.92696364,"Sensitivity: 5.0, Resolution: 75x75",SB_5.0_75x75,2.6790816336946506,6.202999999999999,10.539871441341209,23,2024-04-24 23:27:06.961096
15687,16321,3921,4079,7.560153007507324,0.509875,0.5,7.712480545043945,0.5,0.5,"Sensitivity: 5.0, Resolution: 75x75",SB_5.0_75x75,3.162277660168379,10.0,31.6227766016838,13,2024-04-24 23:30:10.075071
15687,16321,3921,4079,0.6917900443077087,0.522,0.5215349937434971,0.6391710042953491,0.80155,0.861523295,"Sensitivity: 5.0, Resolution: 75x75",SB_5.0_75x75,2.1841851798783,3.365,3.5607246453495955,19,2024-04-24 23:34:32.680698
15687,16321,3921,4079,0.6928086876869202,0.518,0.5125934747422417,0.6945409774780273,0.5262,0.5117558449999999,"Sensitivity: 5.0, Resolution: 75x75",SB_5.0_75x75,0.2245217138719549,0.0239999999999999,0.0031622776601683,12,2024-04-24 23:37:24.661578
15687,16321,3921,4079,0.6927879452705383,0.521,0.5152697686641396,0.676303505897522,0.71415,0.768298025,"Sensitivity: 5.0, Resolution: 75x75",SB_5.0_75x75,1.1409497797887511,0.308,0.0853814968245462,15,2024-04-24 23:40:54.329253
15687,16321,3921,4079,0.6919031143188477,0.521875,0.5173786224989385,0.6277720928192139,0.8927,0.958017755,"Sensitivity: 5.0, Resolution: 75x75",SB_5.0_75x75,2.7935560849927463,5.027,3.7536235826198654,16,2024-04-24 23:44:38.729796
15687,16321,3921,4079,7.775205612182617,0.509875,0.5,7.624603271484375,0.5,0.5,"Sensitivity: 5.0, Resolution: 75x75",SB_5.0_75x75,3.162277660168379,10.0,31.6227766016838,12,2024-04-24 23:47:27.193566
15687,16321,3921,4079,7.560153007507324,0.509875,0.5,7.712480545043945,0.5,0.5,"Sensitivity: 5.0, Resolution: 75x75",SB_5.0_75x75,3.162277660168379,10.0,31.6227766016838,14,2024-04-24 23:50:42.044432
15687,16321,3921,4079,0.6918928623199463,0.52125,0.5224133676142051,0.6678770780563354,0.76565,0.817040075,"Sensitivity: 5.0, Resolution: 75x75",SB_5.0_75x75,1.5672248083794489,0.175,0.0158113883008419,12,2024-04-24 23:52:28.150713
15687,16321,3921,4079,0.6919140815734863,0.5265,0.5254511150255547,0.6611435413360596,0.80045,0.86702531,"Sensitivity: 5.0, Resolution: 75x75",SB_5.0_75x75,1.783208372568949,0.2239999999999999,0.0221359436211786,14,2024-04-24 23:53:52.560673
15687,16321,3921,4079,0.6915024518966675,0.522,0.5249150621814422,0.5968599319458008,0.78625,0.84913264,"Sensitivity: 5.0, Resolution: 75x75",SB_5.0_75x75,2.105444466140107,4.089,6.621809420392587,28,2024-04-25 00:00:09.790988
15687,16321,3921,4079,0.6921477317810059,0.523,0.5178066331998625,0.6480520963668823,0.8189,0.88799334,"Sensitivity: 5.0, Resolution: 75x75",SB_5.0_75x75,2.144340481360178,1.624,0.9771437969920292,18,2024-04-25 00:09:24.116165
15687,16321,3921,4079,0.6917296051979065,0.521875,0.5175299315189131,0.6377866268157959,0.76735,0.83594869,"Sensitivity: 5.0, Resolution: 75x75",SB_5.0_75x75,1.953022682919991,3.874,7.036067793874644,18,2024-04-25 00:18:39.675177
15687,16321,3921,4079,0.6917887330055237,0.5225,0.5152519492134401,0.5981194972991943,0.90975,0.970498585,"Sensitivity: 5.0, Resolution: 75x75",SB_5.0_75x75,2.9042358030986395,5.908,7.744417989752361,18,2024-04-25 00:27:50.103778
15687,16321,3921,4079,0.691876232624054,0.52425,0.5207296796206571,0.6576573848724365,0.80245,0.86478278,"Sensitivity: 5.0, Resolution: 75x75",SB_5.0_75x75,1.8622653140731584,0.7000000000000001,0.0569209978830308,21,2024-04-25 00:38:45.326486
15687,16321,3921,4079,0.6917153596878052,0.525,0.5158662825918534,0.6044300198554993,0.8649,0.923893175,"Sensitivity: 5.0, Resolution: 75x75",SB_5.0_75x75,2.612357575065098,5.872,9.512131201786486,23,2024-04-25 00:43:53.771362
15687,16321,3921,4079,0.6916274428367615,0.52625,0.5239691307090472,0.6300823092460632,0.877,0.94587835,"Sensitivity: 5.0, Resolution: 75x75",SB_5.0_75x75,2.66516761198991,3.965,5.163999419054964,16,2024-04-25 00:46:09.766145
15687,16321,3921,4079,0.6916288733482361,0.5235,0.5164527926174203,0.6028936505317688,0.89295,0.962554635,"Sensitivity: 5.0, Resolution: 75x75",SB_5.0_75x75,2.789445124034528,6.4670000000000005,11.349414522344317,16,2024-04-25 00:54:10.907871
15687,16321,3921,4079,0.6914725303649902,0.52375,0.5199025444862586,0.6101235747337341,0.88615,0.953386355,"Sensitivity: 5.0, Resolution: 75x75",SB_5.0_75x75,2.7360026315776818,5.301,8.873351114432474,18,2024-04-25 00:55:53.822502
15687,16321,3921,4079,7.775205612182617,0.509875,0.5,7.624603271484375,0.5,0.5,"Sensitivity: 5.0, Resolution: 75x75",SB_5.0_75x75,3.162277660168379,10.0,31.6227766016838,12,2024-04-25 01:08:35.856324
15687,16321,3921,4079,0.6913870573043823,0.523625,0.5211467172914135,0.5928340554237366,0.8663,0.92786117,"Sensitivity: 5.0, Resolution: 75x75",SB_5.0_75x75,2.631647468792125,5.872,7.902531872760781,27,2024-04-25 01:14:23.974525
15687,16321,3921,4079,0.6914679408073425,0.524,0.5234403619561855,0.6391933560371399,0.8521,0.9240362849999998,"Sensitivity: 5.0, Resolution: 75x75",SB_5.0_75x75,2.444440631310157,3.126,3.465856315544544,18,2024-04-25 01:23:22.810541
15687,16321,3921,4079,0.6918620467185974,0.5225,0.5195188010523355,0.6391043663024902,0.8357,0.904459125,"Sensitivity: 5.0, Resolution: 75x75",SB_5.0_75x75,2.321428030329608,2.004,1.4198626694156025,21,2024-04-25 01:33:56.161197
15687,16321,3921,4079,0.6917280554771423,0.524375,0.5179364338302209,0.6279279589653015,0.86145,0.93362535,"Sensitivity: 5.0, Resolution: 75x75",SB_5.0_75x75,2.547847110797663,4.582,8.525500571813952,22,2024-04-25 01:44:53.757055
15687,16321,3921,4079,0.6912160515785217,0.525875,0.5199961122335282,0.5283741354942322,0.9141,0.9639982949999999,"Sensitivity: 5.0, Resolution: 75x75",SB_5.0_75x75,2.9061331696947406,7.2459999999999996,15.305423875214956,33,2024-04-25 02:01:17.363669
